,cost,address,bedrooms,bathrooms,hydro,heat,water,parking,pet,size,furnished,ac,smoking,has_den,has_unitType_Apartment,has_unitType_Basement,has_unitType_Condo,has_unitType_Duplex/Triplex,has_unitType_House,has_unitType_Townhouse,has_wifiInfo_Internet,has_wifiInfo_Cable,agreement_is_annual,has_appliances_Dishwasher,has_appliances_Fridge / Freezer,has_appliances_Laundry (In Building),has_appliances_Laundry (In Unit),has_amenities_24 Hour Security,has_amenities_Bicycle Parking,has_amenities_Concierge,has_amenities_Elevator in Building,has_amenities_Gym,has_amenities_Pool,has_amenities_Storage Space,has_outdoor_Balcony,has_outdoor_Yard,latitude,longitude
0,933,"22-41 Munroe Pl., Regina, SK, S4S 6A7",2,1.0,0,1,1,1,1,860,0,1,1,0,1,0,0,0,0,0,0,1,1,0,1,1,0,1,0,0,0,0,0,1,1,0,,
1,850,"2175  Rae Street, Regina, SK, S4T 2E8",1,1.0,0,1,1,0,1,380,0,1,0,0,1,0,0,0,0,0,0,0,1,0,1,1,0,0,0,0,0,0,0,0,0,0,,
2,799,"1424 Victoria Ave, Regina, SK, S4P 0P3",1,1.0,0,1,1,0,1,520,0,0,0,0,1,0,0,0,0,0,0,0,1,0,1,0,0,0,0,0,0,0,0,0,0,0,,
3,814,"3864 Rae Street, Regina, SK, S4S 3A1",1,1.0,0,1,1,0,1,675,0,0,0,0,1,0,0,0,0,0,0,0,1,0,1,0,0,0,0,0,0,0,0,0,0,0,,
4,1030,"2240 Robinson Street, Regina, SK, S4T 2P9",2,1.0,0,1,1,0,1,870,0,1,0,0,1,0,0,0,0,0,0,0,1,0,1,1,0,0,0,0,0,0,0,0,0,0,,
5,1495,"S4X, Canada",1,1.0,1,1,1,1,0,625,1,1,0,0,1,0,0,0,0,0,0,1,0,0,1,0,1,1,0,0,0,0,0,0,1,1,,
6,1199,"#109  5301 Universal Crescent, S4W0L2, Regina, SK",1,1.0,0,1,1,1,0,786,0,1,0,1,0,0,1,0,0,0,0,0,1,1,1,0,1,0,0,0,1,1,0,1,1,0,,
7,1460,"5500 Parliament Avenue, Regina, SK, S4W 0T3",2,2.0,0,1,1,0,1,997,0,1,0,0,1,0,0,0,0,0,0,0,1,0,1,0,0,0,0,0,1,1,0,0,1,0,,
8,799,"1424 Victoria Ave, Regina, SK, S4P 0P3",1,1.0,0,1,1,0,1,520,0,0,0,0,1,0,0,0,0,0,0,0,1,0,1,0,0,0,0,0,0,0,0,0,0,0,,
9,849,"3525 Avonhurst Dr, Regina, SK, S4R 3K2",2,1.0,0,1,1,0,1,763,0,0,0,0,1,0,0,0,0,0,0,0,1,0,1,1,0,0,0,0,0,0,0,0,0,1,,
10,999,"2835 Parliament Ave, Regina, SK, S4S 2L1",2,1.0,0,1,1,0,1,910,0,0,0,0,1,0,0,0,0,0,0,0,1,0,1,0,0,0,0,0,0,0,0,0,0,0,,
11,799,"3940 Retallack Street, Regina, SK, S4S 3B9",1,1.0,0,1,1,0,1,675,0,0,0,0,1,0,0,0,0,0,0,0,1,0,1,0,0,0,0,0,0,0,0,0,0,0,,
12,1074,"4100 Retallack Street, Regina, SK, S4S 3C3",2,1.0,0,1,1,0,1,720,0,0,0,0,1,0,0,0,0,0,0,0,1,0,1,0,0,0,0,0,0,0,0,0,0,0,,
13,800,"2353 Ottawa St, Regina, SK S4P 1R2, Canada",1,1.0,0,1,1,2,0,700,0,0,0,0,1,0,0,0,0,0,0,0,1,0,1,1,0,0,0,0,0,0,0,0,0,0,,
14,1475,"1942 Elphinstone St., S4T 3N2, Regina, SK",2,1.0,0,0,0,2,0,1000,0,0,0,0,0,0,0,0,1,0,0,0,1,1,1,0,1,0,0,0,0,0,0,0,0,1,,
15,800,"144 1st Ave north, S3N 1J8, Yorkton, SK",1,1.0,0,1,1,1,0,900,0,0,0,0,1,0,0,0,0,0,0,0,0,0,1,1,0,0,0,0,0,0,0,0,0,0,,
16,1279,"193 Lockwood Rd., Regina, SK, S4S 6G9",1,1.0,1,1,1,0,1,705,0,1,1,0,1,0,0,0,0,0,0,1,1,0,1,1,0,1,0,0,0,0,0,0,1,0,,
17,754,"4039 Retallack Street, Regina, SK, S4S 3C2",1,1.0,0,1,1,0,1,480,0,0,0,0,1,0,0,0,0,0,0,0,1,0,1,0,0,0,0,0,0,0,0,0,0,0,,
18,850,", Regina S4t3s2 SK, Canada",2,1.0,0,0,0,0,0,900,0,0,0,0,0,0,0,0,1,0,0,0,1,0,1,0,0,0,0,0,0,0,0,0,0,1,,
19,1180,"10 Michener Drive, Regina, SK, S4V 1R2",2,1.0,0,1,1,0,1,975,0,1,0,0,1,0,0,0,0,0,0,0,1,1,1,0,1,0,0,0,0,1,0,0,1,0,,
20,1085,"6725 Rochdale Blvd, Regina, SK, S4X 2Z2",2,1.0,0,1,1,0,1,798,0,1,0,0,1,0,0,0,0,0,0,0,1,1,1,0,1,0,0,0,0,1,0,0,0,0,,
21,1487,"3005  Trombley St, Regina, SK, S4V 3W6",3,2.0,0,0,0,0,1,1074,0,1,0,0,1,0,0,0,0,0,1,0,1,1,1,1,1,0,0,0,0,0,0,0,1,1,,
22,940,"5659 Campling Avenue, Regina, SK, S4W 0P8",1,1.0,0,0,0,0,1,576,0,1,0,0,1,0,0,0,0,0,0,0,1,1,1,0,1,0,0,0,0,0,0,0,0,1,,
23,1250,"5663 Mitchinson Way, Regina, SK, S4W 0P9",3,1.0,0,0,0,0,1,1000,0,1,0,0,1,0,0,0,0,0,0,0,1,1,1,0,1,0,0,0,0,0,0,0,0,1,,
24,1465,"3367 Green Poppy Street, Regina, SK, S4W 0G3",2,1.0,0,0,0,1,1,807,0,1,0,0,0,0,0,0,0,1,0,0,1,1,1,0,1,0,0,0,0,0,0,0,1,0,,
25,1295,"5300 Parliament Ave, Regina, SK, S4W 0R5",2,1.0,0,0,1,1,1,694,0,1,0,0,1,0,0,0,0,0,0,0,1,1,1,0,1,0,0,0,1,1,0,0,1,0,,
26,800,"405 Moltke Ave, Langenburg, SK S0A 2A0, Canada",1,1.0,1,1,1,2,0,768,1,1,0,0,0,1,0,0,0,0,0,0,0,1,1,1,0,0,0,0,0,0,0,0,0,1,,
27,2200,"2300 Broad Street, S4P1Y8, Regina, SK",2,2.0,0,1,1,1,0,1400,0,1,0,1,0,0,1,0,0,0,0,0,1,1,1,0,1,1,1,0,1,1,0,1,1,0,,
28,1020,"445  Retallack Street, Regina, SK, S4R 3N4",2,1.0,0,1,1,0,1,1000,0,1,0,0,1,0,0,0,0,0,0,0,1,0,1,1,0,0,0,0,0,0,0,0,0,0,,
29,950,"2630  6th Avenue N, Regina, SK, S4R 0P2",1,1.0,0,1,1,0,1,631,0,1,0,0,1,0,0,0,0,0,0,0,1,0,1,1,0,0,0,0,0,0,0,0,1,0,,
30,900,"2311 Park Street, S4N 2G9, Regina, SK",1,1.0,1,1,1,1,1,500,1,0,0,0,0,1,0,0,0,0,1,0,1,1,1,1,0,0,0,0,0,0,0,0,0,1,,
31,620,"15  Darlington St. E, Yorkton, SK, S3N 0C1",1,1.0,0,1,1,0,1,290,0,0,0,0,1,0,0,0,0,0,0,0,1,0,1,1,0,0,0,0,0,0,0,0,0,1,,
32,849,"3525 Avonhurst Dr, Regina, SK, S4R 3K2",2,1.0,0,1,1,0,1,763,0,0,0,0,1,0,0,0,0,0,0,0,1,0,1,1,0,0,0,0,0,0,0,0,0,1,,
33,799,"1424 Victoria Ave, Regina, SK, S4P 0P3",1,1.0,0,1,1,0,1,520,0,0,0,0,1,0,0,0,0,0,0,0,1,0,1,0,0,0,0,0,0,0,0,0,0,0,,
34,1295,"5501 Prefontaine Ave, Regina, SK, S4W 0S3",2,1.0,0,1,1,0,1,840,0,1,0,0,1,0,0,0,0,0,0,0,1,1,1,0,1,0,0,0,1,1,0,0,1,0,,
35,1750,"14 Milford Crescent, Regina, SK S4N 1K7, Canada",3,2.0,0,0,0,3,1,1300,0,1,0,1,0,0,0,0,1,0,0,0,1,1,1,1,1,0,0,0,0,0,0,0,1,1,,
36,1000,"69  Kleisinger Cres, Regina, SK, S4R 6Z4",2,1.0,0,1,1,0,1,761,0,1,0,0,1,0,0,0,0,0,0,0,1,0,1,1,0,0,0,0,0,0,0,0,1,0,,
37,800,"399  Parkview Road, Yorkton, SK, S3N 2L4",2,1.0,0,1,1,0,1,743,0,0,0,0,0,0,0,0,1,0,0,0,1,0,1,1,0,0,0,0,0,0,0,0,1,0,,
38,650,"2901  5th Ave, Regina, SK, S4T 0L3",1,1.0,0,1,1,0,1,308,0,0,0,0,1,0,0,0,0,0,0,0,1,0,1,1,0,0,0,0,0,0,0,0,0,0,,
39,850,"1454  Rae St, Regina, SK, S4T 2C5",2,1.0,0,1,1,0,1,684,0,1,0,0,1,0,0,0,0,0,0,0,1,0,1,1,0,0,0,0,0,0,0,0,1,0,,
40,800,"1233 3rd St, Estevan, SK S4A 0R8, Canada",2,1.0,0,1,1,1,1,1000,0,0,0,1,0,0,0,0,0,1,0,0,1,0,0,1,0,0,0,0,0,0,0,0,0,1,,
41,700,"173 Procter Pl, Regina, SK S4S 4G1, Canada",1,1.0,0,1,1,1,0,300,0,0,0,0,1,0,0,0,0,0,0,0,0,0,1,1,0,1,1,0,0,0,0,0,0,0,,
42,1100,"67 Angus Rd, Regina, SK S4R 3L1, Canada",2,1.0,0,1,1,1,0,1140,0,1,0,0,1,0,0,0,0,0,0,0,0,1,1,1,0,1,0,0,1,0,0,1,1,0,,
43,935,"505 Rose St, Regina, SK S4R 1Z4, Canada",2,1.0,0,1,1,1,0,800,0,1,0,0,1,0,0,0,0,0,0,0,0,0,1,1,0,0,0,0,0,0,0,0,1,0,,
44,1295,"4665 Skinner Cres, Regina, SK S4W 0A3, Canada",1,1.0,0,0,0,1,0,800,1,1,0,1,1,0,0,0,0,0,0,0,1,0,0,0,1,0,0,0,0,0,0,0,0,1,,
45,1050,"5310 Universal Cr., S4W 0K8, Regina, SK",2,1.0,0,0,0,1,0,1033,0,0,0,0,0,1,0,0,0,0,0,0,1,1,1,0,1,0,0,0,0,0,0,0,1,0,,
46,1198,"1701 Horizons Way, Regina, SK, S4Y 0G5",2,2.0,0,0,1,1,1,913,0,1,0,0,1,0,0,0,0,0,0,0,1,1,1,0,1,0,0,0,1,1,0,0,1,0,,
47,1298,"1251 N Galloway Street, Regina, SK, S4X 0M6",2,1.0,0,1,1,1,1,859,0,1,0,0,1,0,0,0,0,0,0,0,1,1,1,0,1,0,0,0,1,0,0,0,1,0,,
48,1600,"5500 Mitchinson Way, Regina, SK S4W 0N9, Canada",2,2.0,1,1,1,2,0,900,0,1,0,1,0,0,1,0,0,0,0,0,1,1,0,0,1,0,0,0,1,0,0,0,1,0,,
49,1148,"41 Munroe Place, Regina, SK, S4S 6A7",2,1.0,0,1,1,0,1,850,0,1,1,0,1,0,0,0,0,0,0,1,1,0,1,0,1,1,0,0,0,0,0,1,1,1,,
50,1022,"22-41 Munroe Pl., Regina, SK, S4S 6A7",2,1.0,0,1,1,0,1,860,0,0,1,0,1,0,0,0,0,0,0,1,1,0,1,1,0,1,0,0,0,0,0,1,1,0,,
51,1268,"700 Gladmer Pk., Regina, SK, S4P 2W9",3,1.0,0,0,0,1,1,1056,0,0,1,0,0,0,0,0,0,1,0,1,1,1,1,0,1,0,0,0,0,0,0,0,1,1,,
52,1800,"2 Donahue Ave, Regina, SK S4R 3Y5, Canada",3,1.0,1,1,1,2,0,1000,1,1,0,0,0,0,0,0,1,0,1,1,0,1,1,1,0,0,0,0,0,0,0,0,0,1,,
53,1160,"3367 Green Poppy Street, Regina, SK, S4W 0G3",1,1.0,0,0,0,1,1,529,0,1,0,0,0,0,0,0,0,1,0,0,1,1,1,0,1,0,0,0,0,0,0,0,1,0,,
54,1285,"3928 Green Falls Drive, Regina, SK, S4V 3M1",2,1.0,0,1,1,0,1,840,0,1,0,0,1,0,0,0,0,0,0,0,0,1,1,0,1,0,0,0,1,1,1,0,1,0,,
55,1190,"5929 Rochdale Blvd, Regina, SK, S4X 0M3",2,1.0,0,0,1,0,1,691,0,1,0,0,1,0,0,0,0,0,0,0,1,1,1,0,1,0,0,0,1,0,0,0,1,0,,
56,1190,"4013 Harbour Landing Dr, Regina, SK, S4W 0E5",2,1.0,0,0,1,0,1,691,0,1,0,0,1,0,0,0,0,0,0,0,1,1,1,0,1,0,0,0,1,1,1,0,1,0,,
57,1240,"5601 Gordon Road, Regina, SK, S4W 0M6",1,1.0,0,0,1,0,1,780,0,1,0,0,1,0,0,0,0,0,0,0,1,1,1,0,1,0,0,0,1,0,0,0,1,0,,
58,1119,"Centennial St, Regina, SK S4S 6W3, Canada",2,1.0,0,1,1,1,1,860,1,1,1,0,1,0,0,0,0,0,1,1,0,0,0,1,0,0,0,0,0,1,0,1,1,0,,
59,990,"653 Donald St, Esterhazy, Saskatchewan,, Esterhazy S0A 0X0 SK",2,1.0,0,0,0,2,0,900,0,0,0,1,0,0,0,1,0,0,0,0,1,0,1,0,1,0,0,0,0,0,0,0,0,1,,
60,1300,"1839 Scarth St, S4P 2G9, Regina, SK",1,1.0,1,1,1,1,1,900,1,1,0,0,1,0,0,0,0,0,1,1,0,1,1,0,1,0,0,0,0,0,0,0,0,0,,
61,923,"405 Rae St, Regina, SK S4R 3M3, Canada",2,1.0,0,1,1,1,0,792,0,1,0,0,1,0,0,0,0,0,0,0,1,0,1,1,0,1,1,0,0,0,0,1,1,0,,
62,955,"34 Spence Street, Regina, SK, S4S 4H4",1,1.0,0,1,1,0,1,675,0,1,0,0,1,0,0,0,0,0,0,0,1,0,1,1,0,0,0,0,0,0,0,0,1,0,,
63,600,"355  Northview Rd, Yorkton, SK, S3N 2X6",1,1.0,0,1,1,0,1,362,0,1,0,0,1,0,0,0,0,0,0,0,1,0,1,1,0,0,0,0,0,0,0,0,1,0,,
64,700,"119 Broadway St W, Yorkton, SK S3N 0M3, Canada",1,1.0,0,0,1,1,1,350,0,0,0,0,1,0,0,0,0,0,0,0,1,0,1,0,1,0,0,0,0,0,0,0,0,1,,
65,1060,"34 Spence Street, Regina, SK, S4S 4H4",2,1.0,0,1,1,0,1,800,0,1,0,0,1,0,0,0,0,0,0,0,1,0,1,1,0,0,0,0,0,0,0,0,1,0,,
66,940,"331  Broad Street North, Regina, SK, S4R 2X8",1,1.0,0,1,1,0,1,659,0,1,0,0,1,0,0,0,0,0,0,0,1,0,1,1,0,0,0,0,0,0,0,0,1,0,,
67,1285,"3928 Green Falls Drive, Regina, SK, S4V 3M1",2,1.0,0,1,1,0,1,840,0,1,0,0,1,0,0,0,0,0,0,0,0,1,1,0,1,0,0,0,1,1,1,0,1,0,,
68,1295,"5501 Prefontaine Ave, Regina, SK, S4W 0S3",2,1.0,0,1,1,0,1,840,0,1,0,0,1,0,0,0,0,0,0,0,1,1,1,0,1,0,0,0,1,1,0,0,1,0,,
69,1300,"331  Broad Street North, Regina, SK, S4R 2X8",2,2.0,0,1,1,0,1,832,0,1,0,0,1,0,0,0,0,0,0,0,1,0,1,1,0,0,0,0,0,0,0,0,1,0,,
70,700,"119 Broadway St W, Yorkton, SK S3N 0M3, Canada",1,1.0,0,0,1,1,1,350,0,0,0,0,1,0,0,0,0,0,0,0,1,0,1,0,1,0,0,0,0,0,0,0,0,1,,
71,700,"119 Broadway St W, Yorkton, SK S3N 0M3, Canada",1,1.0,0,0,1,1,1,350,0,0,0,0,1,0,0,0,0,0,0,0,1,0,1,0,1,0,0,0,0,0,0,0,0,1,,
72,700,"119 Broadway St W, Yorkton, SK S3N 0M3, Canada",1,1.0,0,0,1,1,1,350,0,0,0,0,1,0,0,0,0,0,0,0,1,0,1,0,1,0,0,0,0,0,0,0,0,1,,
73,700,"119 Broadway St W, Yorkton, SK S3N 0M3, Canada",1,1.0,0,0,1,1,1,350,0,0,0,0,1,0,0,0,0,0,0,0,1,0,1,0,1,0,0,0,0,0,0,0,0,1,,
74,700,"119 Broadway St W, Yorkton, SK S3N 0M3, Canada",1,1.0,0,0,1,1,1,350,0,0,0,0,1,0,0,0,0,0,0,0,1,0,1,0,1,0,0,0,0,0,0,0,0,1,,
75,920,"26 Lorne Place, Regina, SK, S4R 8B3",1,1.0,0,1,1,0,1,607,0,1,0,0,1,0,0,0,0,0,0,0,1,1,1,1,0,0,0,0,0,0,0,0,1,0,,
76,1045,"6725 Rochdale Blvd, Regina, SK, S4X 2Z2",1,1.0,0,1,1,0,1,583,0,1,0,0,1,0,0,0,0,0,0,0,1,1,1,0,1,0,0,0,0,1,0,0,0,0,,
77,1200,", S0G 3Z0, Pilot Butte, SK",2,1.0,0,0,0,2,0,786,0,1,0,0,0,0,0,0,1,0,0,0,1,1,1,0,1,0,0,0,0,0,0,0,0,1,,
78,950,"4462 Albulet Drive, S4W0L5, Regina, SK",1,1.0,1,1,1,1,0,700,0,0,0,0,0,1,0,0,0,0,1,0,1,1,1,0,1,0,0,0,0,0,0,0,0,0,,
79,800,"S4T3M6, Canada",2,1.0,0,0,0,1,0,800,0,0,0,0,0,0,0,1,0,0,0,0,1,0,1,0,1,0,0,0,0,0,0,0,0,0,,
80,920,", Regina S4P 2M4 SK",1,1.0,0,1,1,0,0,555,0,0,0,0,0,0,1,0,0,0,0,0,1,1,1,1,1,0,0,0,0,0,0,0,1,0,,
81,975,"125 Froom Crescent, Regina, SK S4N 1S8, Canada",2,1.0,0,1,1,1,1,800,0,1,0,0,1,0,0,0,0,0,0,0,0,0,1,1,0,0,0,0,0,0,0,0,0,0,,
82,800,"204 Keeler St, Pangman, SK S0C 2C0, Canada",2,2.0,0,0,0,2,0,700,0,1,0,0,0,0,0,0,1,0,0,0,0,1,1,0,1,0,0,0,0,0,0,0,0,1,,
83,849,"4050 Rae Street, Regina, SK, S4S 3A3",1,1.0,0,1,1,0,1,675,0,0,0,0,1,0,0,0,0,0,0,0,1,0,1,0,0,0,0,0,0,0,0,0,0,0,,
84,884,"801 Grey Street, Regina, SK, S4T 5G8",2,1.0,0,1,1,0,1,720,0,0,0,0,1,0,0,0,0,0,0,0,1,0,1,0,0,0,0,0,0,0,0,0,0,0,,
85,849,"3955 Robinson Street, Regina, SK, S4S 3C7",1,1.0,0,1,1,0,1,675,0,0,0,0,1,0,0,0,0,0,0,0,1,0,1,0,0,0,0,0,0,0,0,0,0,0,,
86,879,"2155 Rose Street, Regina, SK, S4P 2A5",1,1.0,0,1,1,0,1,675,0,0,0,0,1,0,0,0,0,0,0,0,1,0,1,0,0,0,0,0,0,0,0,0,0,0,,
87,1100,"420 Toronto Street, Regina, SK, S4R 1M4",2,1.0,0,0,0,0,0,900,0,0,0,0,1,0,0,0,0,0,0,0,1,1,1,0,0,0,0,0,0,0,0,0,0,0,,
88,980,"2131 Angus Street, Regina, SK, S4T 2A1",1,1.0,0,1,1,0,1,615,0,1,0,0,1,0,0,0,0,0,0,0,1,0,1,1,0,0,0,0,0,0,0,0,1,0,,
89,1020,"453 Retallack Street, Regina, SK, S4R 3N4",2,1.0,0,1,1,0,1,1000,0,1,0,0,1,0,0,0,0,0,0,0,1,0,1,1,0,0,0,0,0,0,0,0,0,0,,
90,1120,"2657  Lacon Street, Regina, SK, S4N 2A5",2,1.0,0,1,1,0,1,773,0,1,0,0,1,0,0,0,0,0,0,0,1,0,1,1,0,0,0,0,0,0,0,0,0,0,,
91,750,"2104  14th Ave, Regina, SK, S4P 0X6",1,1.0,0,1,1,0,1,343,0,0,0,0,1,0,0,0,0,0,0,0,1,0,1,1,0,0,0,0,0,0,0,0,0,0,,
92,1500,"2315 McIntyre St, Regina, SK S4P 3Y8, Canada",2,1.0,1,1,1,1,0,700,0,1,0,0,0,0,1,0,0,0,0,0,1,0,1,0,1,0,0,0,0,0,0,0,1,0,,
93,2300,"3117 Trombley Street, Regina, SK, S4V 3S1",3,2.5,0,0,0,0,1,1186,0,1,0,0,0,0,0,0,1,0,0,0,1,1,1,0,1,0,0,0,0,0,0,0,0,1,,
94,1150,"3068 Greenbank Road, Regina, SK, S4V 3R7",2,1.0,0,0,0,0,1,1000,0,1,0,0,1,0,0,0,0,0,0,0,1,1,1,0,1,0,0,0,0,0,0,0,0,1,,
95,1150,"3076 George Street, Regina, SK, S4V 3X3",2,1.0,0,0,0,0,1,1000,0,1,0,0,1,0,0,0,0,0,0,0,1,1,1,0,1,0,0,0,0,0,0,0,0,1,,
96,1140,"3928 Green Falls Drive, Regina, SK, S4V 3M1",1,1.0,0,1,1,0,1,615,0,1,0,0,1,0,0,0,0,0,0,0,0,1,1,0,1,0,0,0,1,1,1,0,1,0,,
97,1190,"4013 Harbour Landing Dr, Regina, SK, S4W 0E5",2,1.0,0,0,1,0,1,691,0,1,0,0,1,0,0,0,0,0,0,0,1,1,1,0,1,0,0,0,1,1,1,0,1,0,,
98,1070,"4013 Harbour Landing Dr, Regina, SK, S4W 0E5",1,1.0,0,0,1,0,1,546,0,1,0,0,1,0,0,0,0,0,0,0,1,1,1,0,1,0,0,0,1,1,1,0,1,0,,
99,1060,"5929 Rochdale Blvd, Regina, SK, S4X 0M3",1,1.0,0,0,1,0,1,566,0,1,0,0,1,0,0,0,0,0,0,0,1,1,1,0,1,0,0,0,1,0,0,0,1,0,,
100,1140,"5501 Prefontaine Ave, Regina, SK, S4W 0S3",1,1.0,0,1,1,0,1,615,0,1,0,0,1,0,0,0,0,0,0,0,1,1,1,0,1,0,0,0,1,1,0,0,1,0,,
101,1230,"5601 Gordon Road, Regina, SK, S4W 0M6",2,1.0,0,0,1,0,1,825,0,1,0,0,1,0,0,0,0,0,0,0,1,1,1,0,1,0,0,0,1,0,0,0,1,0,,
102,1215,"5601 Gordon Road, Regina, SK, S4W 0M6",1,1.0,0,0,1,0,1,780,0,1,0,0,1,0,0,0,0,0,0,0,1,1,1,0,1,0,0,0,1,0,0,0,1,0,,
103,1295,"5501 Prefontaine Ave, Regina, SK, S4W 0S3",2,1.0,0,1,1,0,1,840,0,1,0,0,1,0,0,0,0,0,0,0,1,1,1,0,1,0,0,0,1,1,0,0,1,0,,
104,1300,"224 Osler St, Regina, SK S4R 1V4, Canada",3,1.0,1,1,1,1,1,950,0,0,0,0,0,0,0,0,1,0,0,0,1,0,1,1,0,0,0,0,0,0,0,0,0,1,,
105,1300,"2271 Argyle Street, S4T 3T2, Regina, SK",2,1.0,0,0,0,2,0,800,0,0,0,0,0,0,0,0,1,0,0,0,1,1,1,1,0,0,0,0,0,0,0,0,0,1,,
106,1500,"1132 Gordon street, S0G3N0, Moosomin, SK",5,2.0,0,0,0,3,0,2000,0,1,0,0,0,0,0,0,1,0,0,0,1,1,1,0,1,0,0,0,0,0,0,0,0,1,,
107,933,"22-41 Munroe Pl., Regina, SK, S4S 6A7",2,1.0,0,1,1,1,1,860,0,1,1,0,1,0,0,0,0,0,0,1,1,0,1,1,0,1,0,0,0,0,0,1,1,0,,
108,1079,"191 Rink Ave., Regina, SK, S4R 7V3",2,1.0,0,1,1,1,1,850,0,0,1,0,1,0,0,0,0,0,0,1,1,0,1,1,0,1,0,0,0,0,0,1,1,0,,
109,1350,"5300 Parliament Ave, Regina, SK, S4W 0R5",2,1.0,0,0,1,1,1,777,0,1,0,0,1,0,0,0,0,0,0,0,1,1,1,0,1,0,0,0,1,1,0,0,1,0,,
110,825,"1900 Garnet St, Regina, SK S4T 2Z4, Canada",1,1.0,0,1,1,1,0,550,0,0,0,0,1,0,0,0,0,0,0,0,1,0,1,1,0,0,0,0,0,0,0,0,0,1,,
111,1800,"417 St Mary St, Esterhazy, SK S0A 0X0, Canada",3,1.5,1,1,1,2,1,1400,1,1,0,0,0,0,0,1,0,0,1,1,1,1,1,0,1,0,0,0,0,0,0,0,1,1,,
112,700,"113 1 St W, Carnduff, SK S0C 0S0, Canada",3,1.0,0,0,1,2,0,840,0,0,0,0,0,0,0,0,1,0,0,0,0,0,1,1,0,0,0,0,0,0,0,0,0,1,,
113,1000,"S4N0T9, Canada",2,1.0,0,1,1,1,0,900,0,1,0,0,1,0,0,0,0,0,0,0,0,0,1,1,0,0,1,0,0,0,0,0,0,1,,
114,1050,"2840 Mcara Street, Regina S4N2X4 SK",2,1.0,0,0,0,2,0,900,0,0,0,0,0,0,0,1,0,0,0,0,1,1,1,0,1,0,0,0,0,0,0,0,0,1,,
115,2200,", S4P3V7, Regina, SK",4,2.0,0,0,0,2,0,2000,1,1,0,0,0,0,0,0,1,0,1,1,0,1,1,0,1,0,0,0,0,0,0,0,0,1,,
116,625,", Regina S4P1J9 SK, Canada",1,1.0,0,0,0,0,0,500,0,0,0,1,0,0,0,0,1,0,0,0,0,0,0,0,1,0,0,0,0,0,0,0,0,1,,
117,750,"4216 Castle Rd, Regina, SK S4S 4W1, Canada",1,1.0,1,1,1,1,1,450,1,1,0,1,0,1,0,0,0,0,1,1,1,1,1,1,1,0,0,0,0,0,0,0,0,0,,
118,1150,"19 Irwin Ave, Yorkton, SK S3N 2E4, Canada",3,1.0,0,0,0,1,1,850,0,0,0,0,0,0,0,0,1,0,0,0,0,0,0,1,0,0,0,0,0,0,0,0,0,1,,
119,1800,"3630 Haughton Rd, Regina, SK S4V 1P1, Canada",2,2.0,1,1,1,1,0,1100,1,1,0,0,0,0,1,0,0,0,1,1,0,1,1,0,1,1,1,0,1,0,0,0,1,0,,
120,975,"2022 Edgar Street, Regina S4N3K6 SK",2,1.0,0,0,0,2,1,700,0,0,0,0,0,0,0,0,1,0,0,0,1,0,0,0,1,0,0,0,0,0,0,0,0,1,,
121,1400,"1863 Rae Street, S4T 2E3, Regina, SK",2,1.5,0,0,0,1,1,846,0,1,0,0,0,0,1,0,0,0,0,0,1,1,1,0,1,1,1,0,1,0,0,1,1,0,,
122,1950,"2046 Alexandra St, Regina, SK S4T 4P5, Canada",4,2.5,0,0,0,3,0,1575,0,1,0,0,0,0,0,0,1,0,0,0,1,1,1,0,1,0,0,0,0,0,0,0,1,1,,
123,835,"1016 Eden St, Indian Head, SK S0G 2K0, Canada",2,1.0,0,1,1,1,0,750,0,1,0,0,1,0,0,0,0,0,0,1,0,0,1,1,0,0,1,0,0,0,0,1,1,1,,
124,1250,"2167 Pasqua St, Regina, SK S4T 4M3, Canada",2,1.0,0,0,0,1,0,952,0,0,0,0,0,0,0,0,1,0,0,0,1,1,1,0,1,0,0,0,0,0,0,0,0,1,,
125,827,"936 McIntosh St, Regina, SK S4T 5B4, Canada",2,1.0,0,1,1,1,0,700,0,0,0,0,1,0,0,0,0,0,1,0,1,0,1,1,0,0,0,0,0,0,0,1,0,1,,
126,1500,"S4P 2V2, Canada",2,2.0,1,1,1,1,0,1000,0,1,0,0,0,0,1,0,0,0,0,0,1,1,1,0,1,0,1,0,1,0,0,1,1,0,,
127,1200,"Carnduff, SK, Canada",2,2.0,1,0,1,3,0,959,1,1,0,0,0,0,1,0,0,0,0,0,0,1,1,1,1,0,1,0,0,0,0,1,1,1,,
128,1750,"3500 13th Ave, Regina, SK S4T 1P9, Canada",3,3.0,0,0,0,1,1,1600,0,1,0,0,0,0,0,0,0,1,0,0,1,0,1,0,1,0,0,0,0,0,0,0,1,0,,
129,699,"1424 Victoria Ave, Regina, SK, S4P 0P3",1,1.0,0,1,1,0,1,402,0,0,0,0,1,0,0,0,0,0,0,0,1,0,1,0,0,0,0,0,0,0,0,0,0,0,,
130,1596,"1827 Albert St, Regina, SK, S4P 2S9",1,1.0,1,1,1,1,0,734,0,1,0,0,1,0,0,0,0,0,1,0,1,0,1,1,1,1,0,0,0,1,0,0,0,0,,
131,1300,"4805 Liberty St, Regina, SK S4W 0K2, Canada",2,1.0,0,0,0,1,0,1000,0,1,0,1,0,0,0,0,1,0,0,0,1,1,1,0,1,0,0,0,0,0,0,0,0,1,,
132,1200,"2125 Osler St, Regina, SK S4P 4G9, Canada",2,1.0,0,1,1,1,0,900,0,0,0,0,1,0,0,0,0,0,0,0,1,0,0,0,1,0,0,0,1,0,0,0,1,0,,
133,1300,"1545 Neville Dr, Regina, SK S4Z 0A7, Canada",2,1.0,0,1,1,1,0,750,0,1,0,0,0,0,0,0,0,1,0,0,1,1,1,0,1,0,0,0,0,0,0,0,1,0,,
134,1100,"1039 Elliott St, Regina, SK S4N 3E7, Canada",3,1.0,0,0,0,0,0,700,0,0,0,0,0,1,0,0,0,0,0,0,1,0,0,0,1,0,0,0,0,0,0,0,0,0,,
135,850,"2175  Rae Street, Regina, SK, S4T 2E8",1,1.0,0,1,1,0,1,380,0,1,0,0,1,0,0,0,0,0,0,0,1,0,1,1,0,0,0,0,0,0,0,0,0,0,,
136,935,"505 Rose St, Regina, SK S4R 1Z4, Canada",2,1.0,0,1,1,1,0,800,0,1,0,0,1,0,0,0,0,0,0,0,0,0,1,1,0,0,0,0,0,0,0,0,1,0,,
137,849,"3525 Avonhurst Dr, Regina, SK, S4R 3K2",2,1.0,0,1,1,0,1,763,0,0,0,0,1,0,0,0,0,0,0,0,1,0,1,1,0,0,0,0,0,0,0,0,0,1,,
138,933,"22-41 Munroe Pl., Regina, SK, S4S 6A7",2,1.0,0,1,1,1,1,860,0,1,1,0,1,0,0,0,0,0,0,1,1,0,1,1,0,1,0,0,0,0,0,1,1,0,,
139,800,"Waterloo Rd, Yorkton, SK S3N, Canada",2,1.0,0,0,0,2,0,1000,0,0,0,0,1,0,0,0,0,0,0,0,0,0,1,0,1,0,0,0,0,0,0,0,1,0,,
140,1395,"614 3rd St, Estevan, SK S4A 0P6, Canada",2,1.0,0,1,1,2,1,950,1,1,0,0,0,0,1,0,0,0,0,0,0,1,1,1,1,1,1,1,1,0,0,1,1,0,,
141,1000,"638 Isabelle St, Estevan, SK S4A 1P7, Canada",2,1.0,0,1,1,2,1,1025,0,1,0,0,1,0,0,0,0,0,0,0,1,1,1,0,1,1,0,1,1,0,0,1,1,0,,
142,1195,"563 Sorlien Ave, Macoun, SK S0C 1P0, Canada",3,1.0,0,0,0,3,1,1000,0,0,0,0,0,0,0,0,1,0,0,0,1,0,0,0,1,0,0,0,0,0,0,0,1,1,,
143,1275,"333 Lorne Street, S4R2J3, Regina, SK",2,2.0,0,0,0,2,1,1040,0,1,0,1,0,0,0,1,0,0,0,0,1,0,0,0,1,0,0,0,0,0,0,0,0,1,,
144,850,", Indian Head S0G2K0 SK, Canada",2,1.0,1,1,1,3,0,850,0,0,0,0,1,0,0,0,0,0,0,0,1,0,1,0,1,0,0,0,0,0,0,0,0,0,,
145,2300,"1342 Elliott St, Saskatoon, SK S7N 0V8, Canada",5,2.0,0,0,0,1,0,1200,0,0,0,0,0,0,0,1,0,0,0,0,1,1,1,0,1,0,0,0,0,0,0,0,0,1,,
146,850,", S4N1W3, Regina, SK",1,1.0,0,1,1,0,0,800,0,1,0,0,0,1,0,0,0,0,1,0,1,0,1,1,0,0,0,0,0,0,0,0,0,0,,
147,985,"S4S6P8, Canada",2,1.0,1,1,1,1,0,909,1,1,0,1,1,0,0,0,0,0,1,1,1,0,1,1,0,1,1,0,0,0,0,1,1,0,,
148,995,"2001 Cornwall St, Regina, SK S4P 3X9, Canada",1,1.0,0,1,1,1,0,630,0,1,0,0,1,0,0,0,0,0,0,0,1,0,1,1,0,1,0,0,1,1,0,0,1,0,,
149,2300,"S4P2A6, Canada",5,4.0,0,0,0,3,1,2400,1,1,0,0,0,0,0,0,1,0,0,0,1,1,1,1,1,0,0,0,0,0,0,0,0,1,,
150,1200,"1630 Badham Blvd, Regina S4P0J6 SK",1,1.0,1,1,1,0,0,500,1,1,0,0,0,1,0,0,0,0,1,1,1,1,1,1,0,0,0,0,0,0,0,0,1,0,,
151,1400,"537 4th Ave N, Saskatoon, SK S7K 2M6, Canada",2,1.0,1,1,1,1,0,1008,0,1,0,0,1,0,0,0,0,0,0,0,1,1,1,0,1,0,0,0,1,0,0,0,1,0,,
152,1000,", Regina s4x0m4 SK, Canada",1,1.0,1,1,1,0,0,650,0,1,0,0,0,1,0,0,0,0,1,0,0,0,1,0,1,0,0,0,0,0,0,0,0,0,,
153,1275,"5000 Green Jewel Blvd, Regina, SK, S4V 3V2",1,1.0,0,1,1,0,1,662,0,1,0,0,1,0,0,0,0,0,0,0,1,1,1,0,1,0,0,0,1,1,0,0,1,0,,
154,1295,"5501 Prefontaine Ave, Regina, SK, S4W 0S3",2,1.0,0,1,1,0,1,840,0,1,0,0,1,0,0,0,0,0,0,0,1,1,1,0,1,0,0,0,1,1,0,0,1,0,,
155,1100,"411 Lorne St N, Regina, SK S4R 3B2, Canada",2,1.0,0,1,1,1,1,900,0,1,0,0,1,0,0,0,0,0,0,0,1,0,1,1,0,0,0,0,0,0,0,0,1,0,,
156,1050,"1213 Empress St, Regina, SK S4T 5E4, Canada",2,1.0,0,1,1,1,0,700,0,1,0,0,1,0,0,0,0,0,0,0,0,1,1,1,0,0,0,0,0,0,0,0,0,0,,
157,1464,"1066 Dorothy St., Regina, SK, S4X 0P4",2,2.0,0,1,1,0,1,916,0,1,1,0,1,0,0,0,0,0,0,1,1,1,1,0,1,1,0,0,1,0,0,0,1,0,,
158,1464,"1070 Dorothy St., Regina, SK, S4X 0P5",2,2.0,0,1,1,0,1,915,0,1,1,0,1,0,0,0,0,0,0,1,1,1,1,0,1,1,0,0,1,0,0,0,1,0,,
159,1124,"1060 Dorothy St., Regina, SK, S4X 3C5",2,1.0,0,0,1,0,1,877,0,1,1,0,1,0,0,0,0,0,0,1,1,1,1,0,1,1,0,0,0,1,0,0,1,1,,
160,1800,"Green Rock Rd, Regina, SK S4V, Canada",3,2.5,0,0,0,2,0,1350,0,1,0,0,0,0,0,0,1,0,0,0,1,1,1,0,1,0,0,0,0,0,0,0,0,1,,
161,980,"Wallace St, Regina, SK S4N 3Z9, Canada",2,1.0,1,1,1,2,0,700,1,0,0,0,0,1,0,0,0,0,1,0,1,0,0,1,0,0,0,0,0,0,0,0,0,1,,
162,1050,"42 Spence St, Regina, SK S4S 4H4, Canada",1,1.0,0,0,1,1,0,634,0,1,0,0,0,0,1,0,0,0,0,0,1,1,1,1,0,0,0,0,0,0,0,0,1,0,,
163,1445,"5200 Parliament Ave, Regina, SK S4W 0R5, Canada",2,2.0,0,0,1,2,1,857,0,1,0,1,1,0,0,0,0,0,0,0,0,0,1,0,1,0,0,0,1,1,0,0,1,0,,
164,750,"2166 Robinson St, Regina, SK S4T 2P7, Canada",1,1.0,0,1,1,0,0,500,0,0,1,0,1,0,0,0,0,0,1,0,0,0,1,0,0,1,0,0,0,0,0,0,1,1,,
165,1000,"4505 Rae St, Regina, SK S4S 3B2, Canada",2,1.5,0,1,1,2,0,1000,0,1,0,0,0,0,1,0,0,0,0,0,1,1,1,1,0,1,0,0,1,0,0,1,1,0,,
166,1000,"Garnet St, Regina, SK, Canada, S4T 2Y2",2,1.0,0,0,0,2,0,840,1,0,0,0,0,0,0,0,1,0,0,0,1,0,1,1,1,0,0,0,0,0,0,0,0,1,,
167,1300,"2030 Edgar Street, Regina, SK, S4N 3K6",3,1.5,0,0,0,0,1,1100,0,1,0,0,1,0,0,0,0,0,0,0,1,1,1,0,0,0,0,0,0,0,0,0,0,1,,
168,1398,"502 University Park Drive, Regina, SK, S4V 3L8",2,1.0,0,1,1,1,1,954,0,1,0,1,1,0,0,0,0,0,0,0,1,1,1,0,1,0,0,0,1,0,0,0,1,0,,
169,1319,"41 Munroe Place, Regina, SK, S4S 6A7",1,1.0,0,1,1,0,1,650,0,1,1,0,1,0,0,0,0,0,0,1,1,0,1,0,1,1,0,0,0,0,0,1,1,1,,
170,1495,"1114-5200 Parliament Ave, Regina, SK S4W 0R5, Canada",2,2.0,1,1,1,1,0,900,1,1,0,1,0,0,1,0,0,0,0,0,1,1,1,1,1,1,1,1,1,1,0,1,1,0,,
171,1089,"239 Centennial St, Regina, SK S4S 6T5, Canada",2,1.0,0,1,1,1,1,850,0,1,0,0,0,0,1,0,0,0,1,1,1,0,1,0,1,0,0,0,0,0,0,1,1,0,,
172,1100,"Tutor Way, Regina, SK S4W 0G4, Canada",2,1.0,1,1,1,2,0,975,0,1,0,0,0,1,0,0,0,0,1,0,1,1,1,0,1,0,0,0,0,0,0,0,0,0,,
173,1148,"41 Munroe Place, Regina, SK, S4S 6A7",2,1.0,0,1,1,0,1,850,0,1,1,0,1,0,0,0,0,0,0,1,1,0,1,0,1,1,0,0,0,0,0,1,1,1,,
174,1295,"5501 Prefontaine Ave, Regina, SK, S4W 0S3",2,1.0,0,1,1,0,1,840,0,1,0,0,1,0,0,0,0,0,0,0,1,1,1,0,1,0,0,0,1,1,0,0,1,0,,
175,1300,"331  Broad Street North, Regina, SK, S4R 2X8",2,2.0,0,1,1,0,1,832,0,1,0,0,1,0,0,0,0,0,0,0,1,0,1,1,0,0,0,0,0,0,0,0,1,0,,
176,1100,", Regina South S4W0G4 SK, Canada",2,1.0,1,1,1,2,0,975,0,1,0,0,0,1,0,0,0,0,1,0,1,1,1,0,1,0,0,0,0,0,0,0,0,0,,
177,1450,"5663 Mitchinson Way, Regina, SK, S4W 0P9",3,2.0,0,0,0,0,1,1000,0,1,0,0,1,0,0,0,0,0,0,0,1,1,1,0,1,0,0,0,0,0,0,0,0,1,,
178,945,"2410  15th Avenue, Regina, SK, S4P 1A4",1,1.0,0,1,1,0,1,620,0,1,0,0,1,0,0,0,0,0,0,0,1,0,1,1,0,0,0,0,0,0,0,0,1,0,,
179,1350,"48 B Nollet Ave, Regina S4T 7P9 SK",2,1.0,0,1,1,1,0,1000,0,1,0,0,0,0,1,0,0,0,0,0,1,1,1,0,1,0,0,0,0,0,0,0,1,0,,
180,750,"3208 Westgate Ave, Regina, SK S4S 1B3, Canada",1,1.0,0,1,1,1,0,500,0,0,0,0,1,0,0,0,0,0,0,0,1,0,1,1,0,0,1,0,0,0,0,0,0,0,,
181,1200,"1823 York St, Regina, SK S4T 4R3, Canada",2,1.0,0,0,0,2,0,750,0,0,0,0,0,0,0,0,1,0,0,0,1,1,1,0,1,0,0,0,0,0,0,0,0,1,,
182,750,"80 Hanbidge Cres, Regina, SK, S4R 7C4",1,1.0,0,1,1,1,0,820,0,1,0,0,1,0,0,0,0,0,0,0,1,0,1,1,0,0,0,0,0,0,0,0,1,0,,
183,800,"131 Angus Rd, Regina, SK S4R 5E4, Canada",1,1.0,1,1,1,1,1,650,0,1,0,0,1,0,0,0,0,0,0,0,0,0,0,1,0,0,0,0,0,0,0,0,1,0,,
184,1295,"Dakota Dr, Regina, SK S4Z, Canada",2,2.0,0,0,1,2,0,1160,0,1,0,0,0,0,1,0,0,0,0,0,1,1,1,0,1,0,0,0,1,0,0,1,1,0,,
185,1590,"5290 Aerodrome Rd, Regina, SK S4W 0P4, Canada",3,1.5,0,0,0,1,0,1100,0,0,0,0,0,0,0,0,0,1,0,0,1,1,1,0,1,0,0,0,0,0,0,0,1,0,,
186,1155,"539 Wascana St, Regina, SK S4R 4J3, Canada",2,1.0,0,0,0,0,0,1030,0,1,0,0,0,0,0,1,0,0,0,0,1,1,1,0,1,0,0,0,0,0,0,0,1,0,,
187,350,", Scarborough  M1B4P7  ON, Canada",1,1.0,1,1,1,0,0,200,0,1,0,0,0,1,0,0,0,0,0,0,1,0,1,1,0,0,0,0,0,0,0,0,0,1,,
188,1350,"2236 Wallace St, Regina, SK S4N 4A7, Canada",2,1.0,1,1,1,1,1,772,0,1,0,0,0,0,0,0,1,0,0,0,1,0,1,1,0,0,0,0,0,0,0,0,0,1,,
189,1500,"Balmoral St, Yorkton, SK S3N, Canada",2,1.0,0,1,1,1,0,904,1,1,0,0,1,0,0,0,0,0,0,0,0,1,1,0,1,0,0,0,1,1,0,0,1,0,,
190,1150,"1969 St John St, Regina, SK, S4P 1S3",2,1.0,0,0,0,0,1,747,0,0,0,0,1,0,0,0,0,0,0,0,1,0,1,0,0,0,0,0,0,0,0,0,0,0,,
191,999,"1424 Victoria Ave, Regina, SK, S4P 0P3",2,1.0,0,1,1,0,1,585,0,0,0,0,1,0,0,0,0,0,0,0,1,0,1,0,0,0,0,0,0,0,0,0,0,0,,
192,854,"3823 Retallack Street, Regina, SK, S4S 3B7",1,1.0,0,1,1,0,1,480,0,0,0,0,1,0,0,0,0,0,0,0,1,0,1,0,0,0,0,0,0,0,0,0,0,0,,
193,854,"4050 Rae Street, Regina, SK, S4S 3A3",1,1.0,0,1,1,0,1,410,0,0,0,0,1,0,0,0,0,0,0,0,1,0,1,0,0,0,0,0,0,0,0,0,0,0,,
194,1074,"3823 Retallack Street, Regina, SK, S4S 3B7",2,1.0,0,1,1,0,1,910,0,0,0,0,1,0,0,0,0,0,0,0,1,0,1,0,0,0,0,0,0,0,0,0,0,0,,
195,1074,"4050 Rae Street, Regina, SK, S4S 3A3",2,1.0,0,1,1,0,1,910,0,0,0,0,1,0,0,0,0,0,0,0,1,0,1,0,0,0,0,0,0,0,0,0,0,0,,
196,994,"3823 Retallack Street, Regina, SK, S4S 3B7",1,1.0,0,1,1,0,1,675,0,0,0,0,1,0,0,0,0,0,0,0,1,0,1,0,0,0,0,0,0,0,0,0,0,0,,
197,925,"Central Estevan, Estevan, SK, S4A 3A2",1,1.0,0,1,1,1,1,775,1,1,0,0,0,0,1,0,0,0,0,0,1,1,1,0,1,1,1,1,1,0,0,0,1,0,,
198,1000,"Central Estevan, Estevan, SK, S4A 1P7",2,1.0,0,1,1,2,1,1025,0,0,0,0,1,0,0,0,0,0,0,0,1,1,1,0,1,1,1,1,1,0,0,1,1,1,,
199,1175,"Central Estevan, Estevan, SK, S4A 1P7",2,1.0,0,1,1,1,1,1000,1,1,0,0,0,0,1,0,0,0,0,0,1,1,1,0,1,1,0,1,1,0,0,0,1,0,,
200,1268,"700 Gladmer Pk., Regina, SK, S4P 2W9",3,1.0,0,0,0,1,1,1056,0,0,1,0,0,0,0,0,0,1,0,1,1,1,1,0,1,0,0,0,0,0,0,0,1,1,,
201,799,"1424 Victoria Ave, Regina, SK, S4P 0P3",1,1.0,0,1,1,0,1,520,0,0,0,0,1,0,0,0,0,0,0,0,1,0,1,0,0,0,0,0,0,0,0,0,0,0,,
202,1285,"3928 Green Falls Drive, Regina, SK, S4V 3M1",2,1.0,0,1,1,0,1,840,0,1,0,0,1,0,0,0,0,0,0,0,0,1,1,0,1,0,0,0,1,1,1,0,1,0,,
203,850,"2175  Rae Street, Regina, SK, S4T 2E8",1,1.0,0,1,1,0,1,380,0,1,0,0,1,0,0,0,0,0,0,0,1,0,1,1,0,0,0,0,0,0,0,0,0,0,,
204,950,"2115  Montague St, Regina, SK, S4T 3K1",1,1.0,0,1,1,0,1,465,0,0,0,0,1,0,0,0,0,0,0,0,1,0,1,1,0,0,0,0,0,0,0,0,0,0,,
205,1300,"5281 Aviator Crescent, S4W0G9, Regina, SK",2,1.5,0,1,1,1,0,1100,0,1,0,0,0,1,0,0,0,0,1,0,1,0,1,0,1,0,0,0,0,0,0,0,0,1,,
206,1500,"138 Turner Crescent, Regina, SK S4N 4P6, Canada",3,1.0,0,0,0,2,1,1000,1,1,0,0,0,0,0,0,1,0,0,0,1,1,1,1,0,0,0,0,0,0,0,0,0,1,,
207,1000,"2151 Hamilton Street, S4P 2E5, Regina, SK",1,1.0,0,1,1,0,0,680,0,1,0,0,1,0,0,0,0,0,0,0,0,1,1,1,0,1,0,1,0,0,0,0,0,0,,
208,795,"2151 Hamilton Street, S4P 2E5, Regina, SK",1,1.0,0,1,1,0,0,680,0,1,0,0,1,0,0,0,0,0,0,0,0,0,1,1,0,1,0,1,0,0,0,0,0,0,,
209,700,"4701 4 Ave, Regina, SK S4T 0J5, Canada",2,1.0,0,1,1,1,0,700,0,0,0,0,1,0,0,0,0,0,0,0,0,0,1,1,0,1,0,0,0,0,0,0,0,0,,
210,750,"1142 Garry St, Regina, SK S4T 5R4, Canada",1,1.0,0,0,0,2,1,750,0,0,1,1,0,0,0,0,1,0,0,0,1,0,0,0,1,0,0,0,0,0,0,0,0,1,,
211,900,"4045 Rae St, Regina, SK S4S 6Y8, Canada",1,1.0,0,1,1,1,0,710,0,1,0,0,0,0,1,0,0,0,0,0,1,1,1,1,0,1,1,0,0,1,0,0,1,0,,
212,850,"1431 Rae, S4p 3g1, Regina, SK",2,1.0,0,0,0,1,0,600,0,0,0,0,0,0,0,0,1,0,0,0,1,0,0,0,0,0,0,0,0,0,0,0,0,1,,
213,925,", Regina S4T1Y5 SK, Canada",2,1.0,0,0,0,1,1,1050,0,0,0,0,0,0,0,1,0,0,0,0,0,1,1,0,1,0,0,0,0,0,0,0,0,1,,
214,1500,"1829 Second A Street, S4A 0J8, Estevan, SK",4,2.0,0,1,0,3,0,1200,0,1,0,1,0,0,0,0,1,0,0,0,1,0,1,1,0,0,0,0,0,0,0,0,0,1,,
215,975,"718 3rd St, Estevan, SK S4A 0P7, Canada",1,1.0,0,1,1,1,0,785,0,1,0,0,0,0,1,0,0,0,0,0,1,1,1,0,1,1,0,1,1,0,0,1,1,0,,
216,1100,"Regina, SK, Canada, S4N 1T2",1,1.0,0,0,0,2,0,900,0,1,0,0,0,0,0,1,0,0,0,0,1,0,1,1,0,0,0,0,0,0,0,0,0,1,,
217,854,"3954 Retallack Street, Regina, SK, S4S 3B9",1,1.0,0,1,1,0,1,480,0,0,0,0,1,0,0,0,0,0,0,0,1,0,1,0,0,0,0,0,0,0,0,0,0,0,,
218,1414,"4130 Rae Street, Regina, SK, S4S 3A4",3,1.0,0,1,1,0,1,1161,0,0,0,0,1,0,0,0,0,0,0,0,1,0,1,0,0,0,0,0,0,0,0,0,0,0,,
219,994,"4140 Rae Street, Regina, SK, S4S 3A4",1,1.0,0,1,1,0,1,675,0,0,0,0,1,0,0,0,0,0,0,0,1,0,1,0,0,0,0,0,0,0,0,0,0,0,,
220,1074,"4049 Retallack Street, Regina, SK, S4S 3C2",2,1.0,0,1,1,0,1,910,0,0,0,0,1,0,0,0,0,0,0,0,1,0,1,0,0,0,0,0,0,0,0,0,0,0,,
221,1154,"4064 Rae Street, Regina, SK, S4S 3A3",2,1.0,0,1,1,0,1,910,0,0,0,0,1,0,0,0,0,0,0,0,1,0,1,0,0,0,0,0,0,0,0,0,0,0,,
222,799,"1538 Alexandra Street, Regina, SK, S4T 4N9",1,1.0,0,1,1,0,1,650,0,0,1,0,1,0,0,0,0,0,0,0,1,0,1,1,0,0,0,0,0,0,0,0,0,0,,
223,1525,"4160 Rae Street, Regina, SK, S4S 3A4",3,1.0,0,1,1,0,1,1061,0,0,0,0,1,0,0,0,0,0,0,0,1,0,1,0,0,0,0,0,0,0,0,0,0,0,,
224,1504,"2915 Parliament Ave, Regina, SK, S4S 2L3",3,1.0,0,1,1,0,1,1161,0,0,0,0,1,0,0,0,0,0,0,0,1,0,1,0,0,0,0,0,0,0,0,0,0,0,,
225,734,"4120 Retallack Street, Regina, SK, S4S 3C3",1,1.0,0,1,1,0,1,320,0,0,0,0,1,0,0,0,0,0,0,0,1,0,1,0,0,0,0,0,0,0,0,0,0,0,,
226,1154,"4160 Rae Street, Regina, SK, S4S 3A4",2,1.0,0,1,1,0,1,910,0,0,0,0,1,0,0,0,0,0,0,0,1,0,1,0,0,0,0,0,0,0,0,0,0,0,,
227,849,"4100 Retallack Street, Regina, SK, S4S 3C3",1,1.0,0,1,1,0,1,650,0,0,0,0,1,0,0,0,0,0,0,0,1,0,1,0,0,0,0,0,0,0,0,0,0,0,,
228,1154,"4040 Rae Street, Regina, SK, S4S 3A3",2,1.0,0,1,1,0,1,910,0,0,0,0,1,0,0,0,0,0,0,0,1,0,1,0,0,0,0,0,0,0,0,0,0,0,,
229,1154,"4020 Robinson Street, Regina, SK, S4S 3C9",2,1.0,0,1,1,0,1,720,0,0,0,0,1,0,0,0,0,0,0,0,1,0,1,0,0,0,0,0,0,0,0,0,0,0,,
230,854,"3854 Rae Street, Regina, SK, S4S 3A1",1,1.0,0,1,1,0,1,480,0,0,0,0,1,0,0,0,0,0,0,0,1,0,1,0,0,0,0,0,0,0,0,0,0,0,,
231,999,"4030 Rae Street, Regina, SK, S4S 3A3",2,1.0,0,1,1,0,1,910,0,0,0,0,1,0,0,0,0,0,0,0,1,0,1,0,0,0,0,0,0,0,0,0,0,0,,
232,864,"1538 Alexandra Street, Regina, SK, S4T 4N9",1,1.0,0,1,1,0,1,480,0,0,1,0,1,0,0,0,0,0,0,0,1,0,1,1,0,0,0,0,0,0,0,0,0,0,,
233,1104,"1520 Alexandra Street, Regina, SK, S4T 4N9",2,1.0,0,1,1,0,1,880,0,0,0,0,1,0,0,0,0,0,0,0,1,0,1,0,0,0,0,0,0,0,0,0,0,0,,
234,1154,"2821 Parliament Ave, Regina, SK, S4S 2L1",2,1.0,0,1,1,0,1,910,0,0,0,0,1,0,0,0,0,0,0,0,1,0,1,0,0,0,0,0,0,0,0,0,0,0,,
235,734,"2924 Parliament Ave, Regina, SK, S4S 2L4",1,1.0,0,1,1,0,1,320,0,0,0,0,1,0,0,0,0,0,0,0,1,0,1,0,0,0,0,0,0,0,0,0,0,0,,
236,994,"4150 Rae Street, Regina, SK, S4S 3A4",1,1.0,0,1,1,0,1,675,0,0,0,0,1,0,0,0,0,0,0,0,1,0,1,0,0,0,0,0,0,0,0,0,0,0,,
237,1030,"2240 Robinson Street, Regina, SK, S4T 2P9",2,1.0,0,1,1,0,1,870,0,1,0,0,1,0,0,0,0,0,0,0,1,0,1,1,0,0,0,0,0,0,0,0,0,0,,
238,850,"2175  Rae Street, Regina, SK, S4T 2E8",1,1.0,0,1,1,0,1,380,0,1,0,0,1,0,0,0,0,0,0,0,1,0,1,1,0,0,0,0,0,0,0,0,0,0,,
239,1285,"3928 Green Falls Drive, Regina, SK, S4V 3M1",2,1.0,0,1,1,0,1,840,0,1,0,0,1,0,0,0,0,0,0,0,0,1,1,0,1,0,0,0,1,1,1,0,1,0,,
240,1319,"75 Cavendish St., Regina, SK, S4N 5B9",3,1.5,0,0,0,1,1,1047,0,0,1,0,0,0,0,0,0,1,0,1,1,0,1,0,1,0,0,0,0,0,0,0,1,1,,
241,725,"3955 Robinson Street, Regina, SK, S4S 3C7",1,1.0,0,1,1,0,1,480,0,0,0,0,1,0,0,0,0,0,0,0,1,0,1,0,0,0,0,0,0,0,0,0,0,0,,
242,1174,"4140 Rae Street, Regina, SK, S4S 3A4",2,1.0,0,1,1,0,1,910,0,0,0,0,1,0,0,0,0,0,0,0,1,0,1,0,0,0,0,0,0,0,0,0,0,0,,
243,1154,"4130 Rae Street, Regina, SK, S4S 3A4",2,1.0,0,1,1,0,1,910,0,0,0,0,1,0,0,0,0,0,0,0,1,0,1,0,0,0,0,0,0,0,0,0,0,0,,
244,1074,"4029 Retallack Street, Regina, SK, S4S 3C2",2,1.0,0,1,1,0,1,910,0,0,0,0,1,0,0,0,0,0,0,0,1,0,1,0,0,0,0,0,0,0,0,0,0,0,,
245,849,"3955 Retallack Street, Regina, SK, S4S 3C1",1,1.0,0,1,1,0,1,675,0,0,0,0,1,0,0,0,0,0,0,0,1,0,1,0,0,0,0,0,0,0,0,0,0,0,,
246,1074,"3918 Rae Street, Regina, SK, S4S 3A2",2,1.0,0,1,1,0,1,910,0,0,0,0,1,0,0,0,0,0,0,0,1,0,1,0,0,0,0,0,0,0,0,0,0,0,,
247,1684,"68 Rae Street, Regina, SK, S4S 3A4",2,1.0,0,0,0,0,1,1848,0,0,0,0,0,0,0,0,1,0,0,0,1,0,1,0,0,0,0,0,0,0,0,0,0,0,,
248,1014,"4049 Retallack Street, Regina, SK, S4S 3C2",1,1.0,0,1,1,0,1,675,0,0,0,0,1,0,0,0,0,0,0,0,1,0,1,0,0,0,0,0,0,0,0,0,0,0,,
249,994,"4120 Retallack Street, Regina, SK, S4S 3C3",1,1.0,0,1,1,0,1,675,0,0,0,0,1,0,0,0,0,0,0,0,1,0,1,0,0,0,0,0,0,0,0,0,0,0,,
250,1074,"2935 Parliament Avenue, Regina, SK, S4S 2L3",2,1.0,0,1,1,0,1,910,0,0,0,0,1,0,0,0,0,0,0,0,1,0,1,0,0,0,0,0,0,0,0,0,0,0,,
251,1154,"2805 Parliament Ave, Regina, SK, S4S 2L1",2,1.0,0,1,1,0,1,910,0,0,0,0,1,0,0,0,0,0,0,0,1,0,1,0,0,0,0,0,0,0,0,0,0,0,,
252,854,"4150 Rae Street, Regina, SK, S4S 3A4",1,1.0,0,1,1,0,1,480,0,0,0,0,1,0,0,0,0,0,0,0,1,0,1,0,0,0,0,0,0,0,0,0,0,0,,
253,1154,"3930 Rae Street, Regina, SK, S4S 3A2",2,1.0,0,1,1,0,1,910,0,0,0,0,1,0,0,0,0,0,0,0,1,0,1,0,0,0,0,0,0,0,0,0,0,0,,
254,999,"4150 Rae Street, Regina, SK, S4S 3A4",2,1.0,0,1,1,0,1,910,0,0,0,0,1,0,0,0,0,0,0,0,1,0,1,0,0,0,0,0,0,0,0,0,0,0,,
255,1134,"2121 Smith Street, Regina, SK, S4P 2P3",2,1.0,0,1,1,0,1,910,0,0,0,0,1,0,0,0,0,0,0,0,1,0,1,1,0,0,0,0,0,0,0,0,0,0,,
256,794,"4020 Robinson Street, Regina, SK, S4S 3C9",1,1.0,0,1,1,0,1,675,0,0,0,0,1,0,0,0,0,0,0,0,1,0,1,0,0,0,0,0,0,0,0,0,0,0,,
257,849,"3954 Retallack Street, Regina, SK, S4S 3B9",1,1.0,0,1,1,0,1,675,0,0,0,0,1,0,0,0,0,0,0,0,1,0,1,0,0,0,0,0,0,0,0,0,0,0,,
258,725,"4020 Robinson Street, Regina, SK, S4S 3C9",1,1.0,0,1,1,0,1,320,0,0,0,0,1,0,0,0,0,0,0,0,1,0,1,0,0,0,0,0,0,0,0,0,0,0,,
259,1074,"4039 Retallack Street, Regina, SK, S4S 3C2",2,1.0,0,1,1,0,1,910,0,0,0,0,1,0,0,0,0,0,0,0,1,0,1,0,0,0,0,0,0,0,0,0,0,0,,
260,1154,"4076 Rae Street, Regina, SK, S4S 3A3",2,1.0,0,1,1,0,1,910,0,0,0,0,1,0,0,0,0,0,0,0,1,0,1,0,0,0,0,0,0,0,0,0,0,0,,
261,754,"2935 Parliament Avenue, Regina, SK, S4S 2L3",1,1.0,0,1,1,0,1,320,0,0,0,0,1,0,0,0,0,0,0,0,1,0,1,0,0,0,0,0,0,0,0,0,0,0,,
262,734,"3025 Parliament Avenue, Regina, SK, S4S 2L6",1,1.0,0,1,1,0,1,320,0,0,0,0,1,0,0,0,0,0,0,0,1,0,1,0,0,0,0,0,0,0,0,0,0,0,,
263,864,"1544 Alexandra Street, Regina, SK, S4T 4N9",1,1.0,0,1,1,0,1,480,0,0,0,0,1,0,0,0,0,0,0,0,1,0,1,0,0,0,0,0,0,0,0,0,0,0,,
264,994,"2805 Parliament Ave, Regina, SK, S4S 2L1",1,1.0,0,1,1,0,1,675,0,0,0,0,1,0,0,0,0,0,0,0,1,0,1,0,0,0,0,0,0,0,0,0,0,0,,
265,734,"4019 Retallack Street, Regina, SK, S4S 3C2",1,1.0,0,1,1,0,1,320,0,0,0,0,1,0,0,0,0,0,0,0,1,0,1,0,0,0,0,0,0,0,0,0,0,0,,
266,854,"4049 Retallack Street, Regina, SK, S4S 3C2",1,1.0,0,1,1,0,1,480,0,0,0,0,1,0,0,0,0,0,0,0,1,0,1,0,0,0,0,0,0,0,0,0,0,0,,
267,1154,"3025 Parliament Avenue, Regina, SK, S4S 2L6",2,1.0,0,1,1,0,1,720,0,0,0,0,1,0,0,0,0,0,0,0,1,0,1,0,0,0,0,0,0,0,0,0,0,0,,
268,725,"3955 Retallack Street, Regina, SK, S4S 3C1",1,1.0,0,1,1,0,1,480,0,0,0,0,1,0,0,0,0,0,0,0,1,0,1,0,0,0,0,0,0,0,0,0,0,0,,
269,854,"3954 Rae Street, Regina, SK, S4S 3A2",1,1.0,0,1,1,0,1,480,0,0,0,0,1,0,0,0,0,0,0,0,1,0,1,0,0,0,0,0,0,0,0,0,0,0,,
270,974,"1544 Alexandra Street, Regina, SK, S4T 4N9",1,1.0,0,1,1,0,1,650,0,0,0,0,1,0,0,0,0,0,0,0,1,0,1,0,0,0,0,0,0,0,0,0,0,0,,
271,1134,"2155 Rose Street, Regina, SK, S4P 2A5",2,1.0,0,1,1,0,1,910,0,0,0,0,1,0,0,0,0,0,0,0,1,0,1,0,0,0,0,0,0,0,0,0,0,0,,
272,849,"4039 Retallack Street, Regina, SK, S4S 3C2",1,1.0,0,1,1,0,1,675,0,0,0,0,1,0,0,0,0,0,0,0,1,0,1,0,0,0,0,0,0,0,0,0,0,0,,
273,949,"4114 Rae Street, Regina, SK, S4S 3A4",2,1.0,0,1,1,0,1,910,0,0,0,0,1,0,0,0,0,0,0,0,1,0,1,0,0,0,0,0,0,0,0,0,0,0,,
274,814,"3864 Rae Street, Regina, SK, S4S 3A1",1,1.0,0,1,1,0,1,675,0,0,0,0,1,0,0,0,0,0,0,0,1,0,1,0,0,0,0,0,0,0,0,0,0,0,,
275,935,"505 Rose St, Regina, SK S4R 1Z4, Canada",2,1.0,0,1,1,1,0,800,0,1,0,0,1,0,0,0,0,0,0,0,0,0,1,1,0,0,0,0,0,0,0,0,1,0,,
276,1300,"331  Broad Street North, Regina, SK, S4R 2X8",2,2.0,0,1,1,0,1,832,0,1,0,0,1,0,0,0,0,0,0,0,1,0,1,1,0,0,0,0,0,0,0,0,1,0,,
277,938,"22-41 Munroe Pl., Regina, SK, S4S 6A7",2,1.0,0,1,1,0,1,860,0,0,1,0,1,0,0,0,0,0,0,1,1,0,1,1,0,1,0,0,0,0,0,1,1,0,,
278,949,"4114 Rae Street, Regina, SK, S4S 3A4",2,1.0,0,1,1,0,1,910,0,0,0,0,1,0,0,0,0,0,0,0,1,0,1,0,0,0,0,0,0,0,0,0,0,0,,
279,854,"4029 Retallack Street, Regina, SK, S4S 3C2",1,1.0,0,1,1,0,1,480,0,0,0,0,1,0,0,0,0,0,0,0,1,0,1,0,0,0,0,0,0,0,0,0,0,0,,
280,999,"4122 Rae Street, Regina, SK, S4S 3A4",2,1.0,0,1,1,0,1,910,0,0,0,0,1,0,0,0,0,0,0,0,1,0,1,0,0,0,0,0,0,0,0,0,0,0,,
281,699,"2835 Parliament Ave, Regina, SK, S4S 2L1",1,1.0,0,1,1,0,1,320,0,0,0,0,1,0,0,0,0,0,0,0,1,0,1,0,0,0,0,0,0,0,0,0,0,0,,
282,999,"2915 Parliament Ave, Regina, SK, S4S 2L3",2,1.0,0,1,1,0,1,720,0,0,0,0,1,0,0,0,0,0,0,0,1,0,1,0,0,0,0,0,0,0,0,0,0,0,,
283,994,"4114 Rae Street, Regina, SK, S4S 3A4",1,1.0,0,1,1,0,1,675,0,0,0,0,1,0,0,0,0,0,0,0,1,0,1,0,0,0,0,0,0,0,0,0,0,0,,
284,1154,"3026 Parliament Avenue, Regina, SK, S4S 2L5",2,1.0,0,1,1,0,1,910,0,0,0,0,1,0,0,0,0,0,0,0,1,0,1,0,0,0,0,0,0,0,0,0,0,0,,
285,854,"3940 Retallack Street, Regina, SK, S4S 3B9",1,1.0,0,1,1,0,1,480,0,0,0,0,1,0,0,0,0,0,0,0,1,0,1,0,0,0,0,0,0,0,0,0,0,0,,
286,799,"2935 Parliament Avenue, Regina, SK, S4S 2L3",1,1.0,0,1,1,0,1,675,0,0,0,0,1,0,0,0,0,0,0,0,1,0,1,0,0,0,0,0,0,0,0,0,0,0,,
287,754,"3918 Rae Street, Regina, SK, S4S 3A2",1,1.0,0,1,1,0,1,480,0,0,0,0,1,0,0,0,0,0,0,0,1,0,1,0,0,0,0,0,0,0,0,0,0,0,,
288,754,"3929 Retallack Street, Regina, SK, S4S 3C1",1,1.0,0,1,1,0,1,480,0,0,0,0,1,0,0,0,0,0,0,0,1,0,1,0,0,0,0,0,0,0,0,0,0,0,,
289,814,"2915 Parliament Ave, Regina, SK, S4S 2L3",1,1.0,0,1,1,0,1,675,0,0,0,0,1,0,0,0,0,0,0,0,1,0,1,0,0,0,0,0,0,0,0,0,0,0,,
290,994,"4122 Rae Street, Regina, SK, S4S 3A4",1,1.0,0,1,1,0,1,675,0,0,0,0,1,0,0,0,0,0,0,0,1,0,1,0,0,0,0,0,0,0,0,0,0,0,,
291,799,"3025 Parliament Avenue, Regina, SK, S4S 2L6",1,1.0,0,1,1,0,1,675,0,0,0,0,1,0,0,0,0,0,0,0,1,0,1,0,0,0,0,0,0,0,0,0,0,0,,
292,799,"3918 Rae Street, Regina, SK, S4S 3A2",1,1.0,0,1,1,0,1,675,0,0,0,0,1,0,0,0,0,0,0,0,1,0,1,0,0,0,0,0,0,0,0,0,0,0,,
293,799,"3026 Parliament Avenue, Regina, SK, S4S 2L5",1,1.0,0,1,1,0,1,675,0,0,0,0,1,0,0,0,0,0,0,0,1,0,1,0,0,0,0,0,0,0,0,0,0,0,,
294,794,"3941 Retallack Street, Regina, SK, S4S 3C1",1,1.0,0,1,1,0,1,675,0,0,0,0,1,0,0,0,0,0,0,0,1,0,1,0,0,0,0,0,0,0,0,0,0,0,,
295,854,"4030 Rae Street, Regina, SK, S4S 3A3",1,1.0,0,1,1,0,1,480,0,0,0,0,1,0,0,0,0,0,0,0,1,0,1,0,0,0,0,0,0,0,0,0,0,0,,
296,814,"4030 Rae Street, Regina, SK, S4S 3A3",1,1.0,0,1,1,0,1,675,0,0,0,0,1,0,0,0,0,0,0,0,1,0,1,0,0,0,0,0,0,0,0,0,0,0,,
297,994,"4029 Retallack Street, Regina, SK, S4S 3C2",1,1.0,0,1,1,0,1,675,0,0,0,0,1,0,0,0,0,0,0,0,1,0,1,0,0,0,0,0,0,0,0,0,0,0,,
298,849,"2835 Parliament Ave, Regina, SK, S4S 2L1",1,1.0,0,1,1,0,1,675,0,0,0,0,1,0,0,0,0,0,0,0,1,0,1,0,0,0,0,0,0,0,0,0,0,0,,
299,699,"2155 Rose Street, Regina, SK, S4P 2A5",1,1.0,0,1,1,0,1,320,0,0,0,0,1,0,0,0,0,0,0,0,1,0,1,0,0,0,0,0,0,0,0,0,0,0,,
300,799,"3954 Rae Street, Regina, SK, S4S 3A2",1,1.0,0,1,1,0,1,675,0,0,0,0,1,0,0,0,0,0,0,0,1,0,1,0,0,0,0,0,0,0,0,0,0,0,,
301,849,"4110 Rae Street, Regina, SK, S4S 3A4",1,1.0,0,1,1,0,1,675,0,0,0,0,1,0,0,0,0,0,0,0,1,0,1,0,0,0,0,0,0,0,0,0,0,0,,
302,854,"4110 Rae Street, Regina, SK, S4S 3A4",1,1.0,0,1,1,0,1,480,0,0,0,0,1,0,0,0,0,0,0,0,1,0,1,0,0,0,0,0,0,0,0,0,0,0,,
303,854,"3900 Rae Street, Regina, SK, S4S 3A2",1,1.0,0,1,1,0,1,480,0,0,0,0,1,0,0,0,0,0,0,0,1,0,1,0,0,0,0,0,0,0,0,0,0,0,,
304,854,"4076 Rae Street, Regina, SK, S4S 3A3",1,1.0,0,1,1,0,1,480,0,0,0,0,1,0,0,0,0,0,0,0,1,0,1,0,0,0,0,0,0,0,0,0,0,0,,
305,974,"1520 Alexandra Street, Regina, SK, S4T 4N9",1,1.0,0,1,1,0,1,650,0,0,0,0,1,0,0,0,0,0,0,0,1,0,1,0,0,0,0,0,0,0,0,0,0,0,,
306,889,"3900 Rae Street, Regina, SK, S4S 3A2",1,1.0,0,1,1,0,1,675,0,0,0,0,1,0,0,0,0,0,0,0,1,0,1,0,0,0,0,0,0,0,0,0,0,0,,
307,814,"2924 Parliament Ave, Regina, SK, S4S 2L4",1,1.0,0,1,1,0,1,675,0,0,0,0,1,0,0,0,0,0,0,0,1,0,1,0,0,0,0,0,0,0,0,0,0,0,,
308,799,"3929 Retallack Street, Regina, SK, S4S 3C1",1,1.0,0,1,1,0,1,675,0,0,0,0,1,0,0,0,0,0,0,0,1,0,1,0,0,0,0,0,0,0,0,0,0,0,,
309,814,"4076 Rae Street, Regina, SK, S4S 3A3",1,1.0,0,1,1,0,1,675,0,0,0,0,1,0,0,0,0,0,0,0,1,0,1,0,0,0,0,0,0,0,0,0,0,0,,
310,849,"4019 Retallack Street, Regina, SK, S4S 3C2",1,1.0,0,1,1,0,1,675,0,0,0,0,1,0,0,0,0,0,0,0,1,0,1,0,0,0,0,0,0,0,0,0,0,0,,
311,854,"3941 Retallack Street, Regina, SK, S4S 3C1",1,1.0,0,1,1,0,1,480,0,0,0,0,1,0,0,0,0,0,0,0,1,0,1,0,0,0,0,0,0,0,0,0,0,0,,
312,725,"2121 Smith Street, Regina, SK, S4P 2P3",1,1.0,0,1,1,0,1,320,0,0,0,0,1,0,0,0,0,0,0,0,1,0,1,1,0,0,0,0,0,0,0,0,0,0,,
313,699,"1520 Alexandra Street, Regina, SK, S4T 4N9",1,1.0,0,1,1,0,1,320,0,0,0,0,1,0,0,0,0,0,0,0,1,0,1,0,0,0,0,0,0,0,0,0,0,0,,
314,799,"3854 Rae Street, Regina, SK, S4S 3A1",1,1.0,0,1,1,0,1,675,0,0,0,0,1,0,0,0,0,0,0,0,1,0,1,0,0,0,0,0,0,0,0,0,0,0,,
315,849,"3525 Avonhurst Dr, Regina, SK, S4R 3K2",2,1.0,0,1,1,0,1,763,0,0,0,0,1,0,0,0,0,0,0,0,1,0,1,1,0,0,0,0,0,0,0,0,0,1,,
316,1319,"75 Cavendish St., Regina, SK, S4N 5B9",3,1.5,0,0,0,1,1,1047,0,0,1,0,0,0,0,0,0,1,0,1,1,0,1,0,1,0,0,0,0,0,0,0,1,1,,
317,799,"1424 Victoria Ave, Regina, SK, S4P 0P3",1,1.0,0,1,1,0,1,520,0,0,0,0,1,0,0,0,0,0,0,0,1,0,1,0,0,0,0,0,0,0,0,0,0,0,,
318,935,"505 Rose St, Regina, SK S4R 1Z4, Canada",2,1.0,0,1,1,1,0,800,0,1,0,0,1,0,0,0,0,0,0,0,0,0,1,1,0,0,0,0,0,0,0,0,1,0,,
319,814,"3864 Rae Street, Regina, SK, S4S 3A1",1,1.0,0,1,1,0,1,675,0,0,0,0,1,0,0,0,0,0,0,0,1,0,1,0,0,0,0,0,0,0,0,0,0,0,,
320,854,"801 Grey Street, Regina, SK, S4T 5G8",1,1.0,0,1,1,0,1,480,0,0,0,0,1,0,0,0,0,0,0,0,1,0,1,0,0,0,0,0,0,0,0,0,0,0,,
321,814,"3864 Rae Street, Regina, SK, S4S 3A1",1,1.0,0,1,1,0,1,675,0,0,0,0,1,0,0,0,0,0,0,0,1,0,1,0,0,0,0,0,0,0,0,0,0,0,,
322,675,"2821 Parliament Ave, Regina, SK, S4S 2L1",1,1.0,0,1,1,0,1,320,0,0,0,0,1,0,0,0,0,0,0,0,1,0,1,0,0,0,0,0,0,0,0,0,0,0,,
323,994,"2821 Parliament Ave, Regina, SK, S4S 2L1",1,1.0,0,1,1,0,1,675,0,0,0,0,1,0,0,0,0,0,0,0,1,0,1,0,0,0,0,0,0,0,0,0,0,0,,
324,879,"2121 Smith Street, Regina, SK, S4P 2P3",1,1.0,0,1,1,0,1,675,0,0,0,0,1,0,0,0,0,0,0,0,1,0,1,1,0,0,0,0,0,0,0,0,0,0,,
325,854,"3864 Rae Street, Regina, SK, S4S 3A1",1,1.0,0,1,1,0,1,480,0,0,0,0,1,0,0,0,0,0,0,0,1,0,1,0,0,0,0,0,0,0,0,0,0,0,,
326,1189,"22-41 Munroe Pl., Regina, SK, S4S 6A7",2,1.0,0,1,1,1,1,860,0,1,1,0,1,0,0,0,0,0,0,1,1,0,1,1,0,1,0,0,0,0,0,1,1,0,,
327,1300,"S4P3y8, Canada",1,1.0,0,1,1,1,0,632,1,0,0,0,0,0,1,0,0,0,0,0,1,1,1,0,1,0,0,0,0,0,0,0,1,0,,
328,1100,"Blake Cres, Regina, SK S4X, Canada",2,1.0,0,0,0,1,0,875,0,1,0,0,0,0,0,0,0,1,0,0,1,1,1,0,1,0,0,0,0,0,0,0,1,0,,
329,1200,"10 Ave W, Melville, SK S0A 2P0, Canada",3,1.0,1,1,1,1,0,950,1,0,0,0,0,0,0,0,1,0,0,0,1,1,1,1,0,0,0,0,0,0,0,0,0,1,,
330,940,"331  Broad Street North, Regina, SK, S4R 2X8",1,1.0,0,1,1,0,1,659,0,1,0,0,1,0,0,0,0,0,0,0,1,0,1,1,0,0,0,0,0,0,0,0,1,0,,
331,1250,"Froom Crescent, Regina, SK S4N 1B7, Canada",2,1.0,0,1,1,2,0,1050,0,1,0,0,0,0,0,0,1,0,1,1,1,0,1,1,0,0,0,0,0,0,0,0,1,1,,
332,915,"2178 Osler St, Regina, SK S4P 1W6, Canada",2,1.0,0,1,1,1,0,900,0,1,0,0,1,0,0,0,0,0,0,0,0,0,1,1,0,1,0,0,0,0,0,1,1,0,,
333,1085,"2131 Angus Street, Regina, SK, S4T 2A1",2,1.0,0,1,1,0,1,875,0,1,0,0,1,0,0,0,0,0,0,0,1,0,1,1,0,0,0,0,0,0,0,0,1,0,,
334,1690,", S4N 1L6, Regina, SK",3,1.5,0,0,0,3,0,1100,0,1,0,0,0,0,0,0,1,0,0,0,1,1,1,1,0,0,0,0,0,0,0,0,0,1,,
335,800,"S4S4G2, Canada",1,1.0,0,1,1,1,0,700,0,0,0,0,1,0,0,0,0,0,0,0,0,0,1,1,0,0,0,0,0,0,0,0,0,0,,
336,850,"S4T 2G 3, Canada",1,1.0,0,1,1,1,0,700,0,1,0,0,1,0,0,0,0,0,0,0,0,0,1,1,0,0,0,0,0,0,0,0,0,0,,
337,600,"S4X0C2, Canada",1,1.0,1,1,0,1,0,700,1,0,0,0,0,1,0,0,0,0,1,1,0,1,1,1,1,0,0,0,0,0,0,0,0,1,,
338,1445,"5200 Parliament Ave, Regina, SK S4W 0R5, Canada",2,2.0,0,1,1,2,1,857,0,1,0,1,1,0,0,0,0,0,0,0,0,1,1,0,1,0,0,0,0,0,0,0,1,0,,
339,1750,"14 Milford Crescent, Regina, SK S4N 1K7, Canada",3,2.0,0,0,0,3,1,1300,0,1,0,1,0,0,0,0,1,0,0,0,1,1,1,1,1,0,0,0,0,0,0,0,1,1,,
340,1000,"2140 9th Ave N, Regina, SK S4R 7Z8, Canada",2,1.0,0,1,1,1,0,840,0,1,1,0,1,0,0,0,0,0,0,0,0,1,1,1,0,1,1,0,0,0,0,0,1,0,,
341,900,"2140 9th Ave N, Regina, SK S4R 7Z8, Canada",1,1.0,0,1,1,1,0,730,0,1,1,0,1,0,0,0,0,0,0,0,0,0,1,1,0,1,1,0,0,0,0,0,1,0,,
342,800,"240 13 St, Weyburn, SK S4H 1L2, Canada",2,1.0,1,1,1,2,0,780,0,1,0,0,0,1,0,0,0,0,0,0,0,0,1,1,1,0,0,0,0,0,0,0,0,1,,
343,900,"2250 Rose St., Regina, SK, S4P 2A7",2,1.0,0,1,1,0,0,900,0,0,0,0,1,0,0,0,0,0,0,0,1,0,1,1,0,0,0,0,0,0,0,0,0,0,,
344,1750,"S4H 0A3, Canada",3,2.0,1,1,1,3,1,1750,0,0,0,1,0,0,0,0,1,0,1,1,1,0,0,1,1,0,0,0,0,0,0,0,1,1,,
345,1285,"2275 McIntyre St, Regina, SK S4P 2S1, Canada",2,2.0,1,1,1,2,0,1400,0,1,0,0,0,0,1,0,0,0,0,0,1,1,1,0,1,0,0,0,1,0,0,0,1,0,,
346,450,"141 6 St, Weyburn, SK S4H 1B1, Canada",1,1.0,1,1,1,1,1,200,1,1,0,0,1,0,0,0,0,0,1,0,0,0,1,1,0,0,0,0,0,0,0,0,0,0,,
347,700,"1765 Hamilton St, Regina, SK S4P 2B4, Canada",1,1.0,0,1,1,0,0,350,0,0,0,0,1,0,0,0,0,0,0,0,1,0,1,1,0,0,0,0,0,0,0,0,0,0,,
348,1285,"2275 McIntyre St, Regina, SK S4P 2S1, Canada",2,2.0,1,1,1,2,0,1400,0,1,1,0,0,0,1,0,0,0,0,0,1,1,1,0,1,0,0,0,1,0,0,0,1,0,,
349,450,"Harvey St, Regina, SK S4N 2M7, Canada",1,1.0,0,1,1,1,0,90,0,0,0,0,0,0,0,0,1,0,0,0,1,0,1,0,0,0,0,0,0,0,0,0,0,0,,
350,1950,"5321 Squires Rd, Regina, SK S4W 0L8, Canada",3,2.5,0,0,0,2,1,1475,0,0,0,0,0,0,0,0,1,0,0,0,1,1,1,0,1,0,0,0,0,0,0,0,0,1,,
351,1900,"Green Jade Ln, Regina, SK S4V 3K7加拿大",3,2.0,0,0,0,1,1,1044,1,1,0,0,0,0,0,0,0,1,0,0,1,1,1,0,1,0,0,0,0,0,0,0,0,1,,
352,715,"25 Shaw St, Regina, SK S4R 3M5, Canada",1,1.0,0,1,1,1,0,800,0,0,1,0,1,0,0,0,0,0,0,0,0,0,1,1,0,0,0,0,0,0,0,1,0,0,,
353,1350,"2727 Victoria Ave, Regina, SK S4T 1K4, Canada",1,1.5,0,1,1,1,0,1193,0,1,0,1,0,0,1,0,0,0,0,0,1,0,1,0,1,0,0,0,1,0,0,0,1,0,,
354,750,"2104  14th Ave, Regina, SK, S4P 0X6",1,1.0,0,1,1,0,1,343,0,0,0,0,1,0,0,0,0,0,0,0,1,0,1,1,0,0,0,0,0,0,0,0,0,0,,
355,849,"3525 Avonhurst Dr, Regina, SK, S4R 3K2",2,1.0,0,1,1,0,1,763,0,0,0,0,1,0,0,0,0,0,0,0,1,0,1,1,0,0,0,0,0,0,0,0,0,1,,
356,940,"331  Broad Street North, Regina, SK, S4R 2X8",1,1.0,0,1,1,0,1,659,0,1,0,0,1,0,0,0,0,0,0,0,1,0,1,1,0,0,0,0,0,0,0,0,1,0,,
357,1319,"75 Cavendish St., Regina, SK, S4N 5B9",3,1.5,0,0,0,1,1,1047,0,0,1,0,0,0,0,0,0,1,0,1,1,0,1,0,1,0,0,0,0,0,0,0,1,1,,
358,1200,"2190 Broder St, Regina, SK S4N 3S4, Canada",2,1.0,0,0,0,2,0,900,0,1,0,0,0,1,0,0,0,0,0,0,1,1,1,0,1,0,0,0,0,0,0,0,0,1,,
359,1600,"3364 Grant Rd, Regina, SK S4S 5H5加拿大",3,2.0,1,1,1,1,1,1200,1,0,1,0,0,0,0,0,0,1,1,1,1,0,1,1,1,0,0,0,0,0,0,0,0,0,,
360,1319,"75 Cavendish St., Regina, SK, S4N 5B9",3,1.5,0,0,0,1,1,1047,0,0,1,0,0,0,0,0,0,1,0,1,1,0,1,0,1,0,0,0,0,0,0,0,1,1,,
361,1200,"31 Rodenbush Dr, Regina, SK S4R 7W7, Canada",1,1.0,1,1,1,1,0,730,1,1,0,0,0,0,1,0,0,0,0,1,0,1,1,1,0,0,0,0,0,0,0,0,1,0,,
362,1900,"Regina Airport, 5201 Regina Ave #1, Regina, SK S4W 1B3, Canada",3,1.5,1,1,1,2,1,900,1,1,0,0,0,0,0,0,1,0,1,1,0,1,1,0,1,0,0,0,0,0,0,0,0,1,,
363,1800,"1901 Victoria Ave, Regina, SK S4P 3R4, Canada",2,2.0,1,1,1,1,1,1350,1,1,0,0,0,0,1,0,0,0,1,1,0,1,1,0,1,1,1,0,1,0,0,1,1,0,,
364,795,"2167 Angus St, Regina, SK S4T 2A1, Canada",1,1.0,0,0,1,1,0,650,0,1,0,0,0,0,1,0,0,0,0,0,1,0,1,0,1,0,0,0,0,0,0,0,1,0,,
365,995,"2001 Cornwall St, Regina, SK S4P 3X9, Canada",1,1.0,0,1,1,1,0,654,0,1,0,0,1,0,0,0,0,0,0,0,1,0,1,1,0,0,0,0,1,1,0,0,0,0,,
366,1000,"339A Montreal St, Regina, SK S4R 8N4, Canada",2,2.0,0,0,1,1,0,900,0,1,0,0,0,0,0,1,0,0,0,0,0,0,1,0,1,0,0,0,0,0,0,0,0,0,,
367,1000,"339A Montreal St, Regina, SK S4R 8N4, Canada",2,2.0,0,0,1,1,0,900,0,1,0,0,0,0,0,1,0,0,0,0,0,0,1,0,1,0,0,0,0,0,0,0,0,0,,
368,960,"2167 Angus St, Regina, SK S4T 2A1, Canada",2,1.0,0,0,1,1,0,750,0,1,0,0,0,0,1,0,0,0,0,0,1,0,1,0,1,0,0,0,0,0,0,1,1,0,,
369,800,"Cameron St, Regina, SK S4T 2S9, Canada",2,1.0,0,0,0,0,0,900,0,0,0,0,0,0,0,0,1,0,0,0,0,0,1,0,1,0,0,0,0,0,0,0,0,1,,
370,1400,"2315 116, Regina S4P 3Y8 SK, Canada",2,1.0,1,1,1,1,0,770,0,1,0,0,0,0,1,0,0,0,0,0,1,1,1,0,1,0,0,0,0,0,0,0,1,0,,
371,1450,"S4T2N9, Canada",3,2.0,0,0,0,3,0,2400,0,0,0,1,0,0,0,0,1,0,0,0,1,1,1,1,1,0,0,0,0,0,0,0,0,1,,
372,1368,"1701 Horizons Way, Regina, SK, S4Y 0G5",3,2.0,0,0,1,1,1,949,0,1,0,0,1,0,0,0,0,0,0,0,1,1,1,0,1,0,0,0,1,1,0,0,1,0,,
373,1400,"2200 Francis St, Regina, SK S4N 2P5, Canada",2,1.0,1,1,1,1,0,900,0,1,0,0,0,0,0,1,0,0,0,0,1,1,1,1,0,0,0,0,0,0,0,0,0,1,,
374,1000,"75 Gladstone Ave. N, Yorkton S3N 2A4 SK",2,1.5,0,0,0,2,0,740,0,0,0,0,0,0,0,0,1,0,0,0,1,1,1,1,0,0,0,0,0,0,0,0,0,1,,
375,1100,"2053 Montague St, Regina, SK S4T 3J8, Canada",2,1.0,0,1,1,1,0,900,0,0,0,0,1,0,0,0,0,0,0,0,1,0,1,1,1,0,1,0,0,0,0,0,1,0,,
376,1100,"235 King St, Regina, SK S4R 4H2, Canada",2,1.0,0,0,0,3,0,950,0,0,0,0,0,0,0,1,0,0,0,0,0,1,1,1,1,0,0,0,0,0,0,0,0,1,,
377,765,"2131 Angus Street, Regina, SK, S4T 2A1",1,1.0,0,1,1,0,1,425,0,1,0,0,1,0,0,0,0,0,0,0,1,0,1,1,0,0,0,0,0,0,0,0,1,0,,
378,1399,"4040 Gordon Rd., Regina, SK, S4S 6W2",2,1.0,1,1,1,1,1,900,0,1,1,0,1,0,0,0,0,0,0,1,1,0,1,1,0,1,0,0,1,1,0,0,1,0,,
379,800,"176 2 Ave E, Melville, SK S0A 2P0, Canada",2,1.0,0,0,0,2,0,800,0,1,0,0,0,0,0,0,1,0,0,0,0,0,1,1,0,0,0,0,0,0,0,0,0,1,,
380,950,"2948 Quinn Dr, Regina, SK S4P 2W1, Canada",2,1.0,0,0,1,2,1,950,0,0,0,0,0,1,0,0,0,0,0,0,1,1,1,1,0,0,0,0,0,0,0,0,0,1,,
381,650,"119 Miles St, Kamsack, SK S0A 1S0, Canada",2,1.0,0,0,0,1,0,620,0,0,0,1,0,0,0,0,1,0,0,0,1,0,1,1,1,0,0,0,0,0,0,0,0,0,,
382,1020,"26 Lorne Place, Regina, SK, S4R 8B3",2,1.0,0,1,1,0,1,743,0,1,0,0,1,0,0,0,0,0,0,0,1,1,1,1,0,0,0,0,0,0,0,0,1,0,,
383,825,"355  Northview Rd, Yorkton, SK, S3N 2X6",2,1.0,0,1,1,0,1,694,0,1,0,0,1,0,0,0,0,0,0,0,1,0,1,1,0,0,0,0,0,0,0,0,1,0,,
384,725,"2045 Wallace St, Regina, SK S4N 4A3, Canada",1,1.0,1,1,1,0,0,600,0,0,0,0,1,0,0,0,0,0,0,0,1,0,1,1,0,0,0,0,0,0,0,0,0,0,,
385,900,"2051 Winnipeg St, Regina, SK S4P 1G7, Canada",2,1.0,0,0,0,1,0,800,0,0,0,0,0,1,0,0,0,0,0,0,1,0,1,0,1,0,0,0,0,0,0,0,0,0,,
386,1000,"2135 Halifax St, Regina, SK S4P 1V1, Canada",2,1.0,0,0,1,1,0,700,0,0,0,0,1,0,0,0,0,0,0,0,1,0,1,1,0,0,0,0,0,0,0,0,0,0,,
387,1050,"Edgar St, Regina, SK S4N, Canada",2,2.0,0,0,0,2,0,850,0,1,0,0,1,0,0,0,0,0,0,0,1,1,1,0,1,0,0,0,0,0,0,0,1,1,,
388,1295,"5501 Prefontaine Ave, Regina, SK, S4W 0S3",2,1.0,0,1,1,0,1,840,0,1,0,0,1,0,0,0,0,0,0,0,1,1,1,0,1,0,0,0,1,1,0,0,1,0,,
389,800,"1840 St John St, Regina, SK S4P 1R9, Canada",2,1.0,0,1,1,1,0,700,0,0,0,0,0,0,1,0,0,0,0,0,1,0,0,1,0,0,0,0,0,0,0,0,0,1,,
390,900,"2408 Rothwell St, Regina, SK S4N 2C7, Canada",2,1.0,0,1,1,1,0,900,0,1,1,0,1,0,0,0,0,0,0,0,1,0,0,1,0,0,0,0,0,0,0,0,1,0,,
391,850,", Regina s4t3x1 SK, Canada",1,1.0,1,1,1,1,0,700,0,0,0,0,0,1,0,0,0,0,1,1,1,0,0,1,0,0,0,0,0,0,0,0,0,1,,
392,860,"2024  14th Ave, Regina, SK, S4P 0X5",1,1.0,0,1,1,0,1,376,0,0,0,0,1,0,0,0,0,0,0,0,1,0,1,1,0,0,0,0,0,0,0,0,0,0,,
393,955,"2175  Rae Street, Regina, SK, S4T 2E8",1,1.0,0,1,1,0,1,622,0,1,0,0,1,0,0,0,0,0,0,0,1,0,1,1,0,0,0,0,0,0,0,0,0,0,,
394,1450,"2157 Toronto St, Regina, SK S4P 0B8, Canada",3,1.0,0,0,0,1,0,1134,0,0,0,0,0,0,0,0,0,1,0,0,1,1,1,0,1,0,0,0,0,0,0,0,0,1,,
395,1195,"26 Shaw St, Regina, SK S4R 3M4, Canada",2,1.0,0,1,1,1,0,850,1,1,0,0,0,0,1,0,0,0,0,0,0,0,1,1,0,1,1,0,0,0,0,1,0,0,,
396,1100,"67 Angus Rd, Regina, SK S4R 3L1, Canada",2,1.0,0,1,1,1,0,1140,0,1,0,0,1,0,0,0,0,0,0,0,0,0,1,1,0,0,0,0,1,0,0,1,1,0,,
397,1500,"2315 McIntyre St, Regina, SK S4P 3Y8, Canada",2,1.0,1,1,1,1,0,750,0,1,0,0,0,0,1,0,0,0,0,0,1,0,1,0,1,0,0,0,0,0,0,0,1,0,,
398,950,"2220 Robinson Street, Regina, SK, S4T 2P9",1,1.0,0,1,1,0,1,640,0,1,0,0,1,0,0,0,0,0,0,0,1,0,1,1,0,0,0,0,0,0,0,0,0,0,,
399,1030,"2240 Robinson Street, Regina, SK, S4T 2P9",2,1.0,0,1,1,0,1,870,0,1,0,0,1,0,0,0,0,0,0,0,1,0,1,1,0,0,0,0,0,0,0,0,0,0,,
400,850,"2901  5th Ave, Regina, SK, S4T 0L3",1,1.0,0,1,1,0,1,472,0,0,0,0,1,0,0,0,0,0,0,0,1,0,1,1,0,0,0,0,0,0,0,0,0,0,,
401,600,", Regina S4P0P6 SK, Canada",1,1.0,1,1,1,1,0,300,0,0,0,0,1,0,0,0,0,0,0,0,1,0,1,1,0,0,0,0,0,0,0,0,0,0,,
402,1098,"1701 Horizons Way, Regina, SK, S4Y 0G5",1,1.0,0,0,1,1,1,648,0,1,0,0,1,0,0,0,0,0,0,0,1,1,1,0,1,0,0,0,1,1,0,0,1,0,,
403,1500,"3630 Haughton Rd, Regina, SK S4V 1P1, Canada",2,2.0,0,0,1,1,0,1100,0,1,0,0,0,0,1,0,0,0,0,0,0,1,1,0,1,1,1,0,1,0,0,0,1,0,,
404,1150,"2170 Angus St, Regina, SK S4T 1Z9, Canada",2,1.0,0,0,0,2,0,1000,0,0,0,0,0,0,0,0,0,1,0,0,1,1,1,1,1,0,0,0,0,0,0,0,1,0,,
405,1500,", S4W0H7, Regina, SK, Canada",2,1.5,0,0,0,1,0,960,0,1,0,0,0,0,0,0,0,1,0,0,1,1,1,0,1,0,0,0,0,0,0,0,0,1,,
406,1100,"8702 Herman Cres, Regina, SK S4Y 1A6, Canada",2,1.0,1,1,1,1,0,800,0,1,0,0,0,1,0,0,0,0,1,0,1,1,1,0,1,0,0,0,0,0,0,0,0,0,,
407,1250,"232 Rae st, S4R3L9, Regina, SK",2,1.0,0,0,0,3,0,800,0,1,0,0,0,0,0,0,1,0,0,0,1,1,1,1,0,0,0,0,0,0,0,0,0,1,,
408,1650,", S0Z7G0, Pilot Butte, SK, Canada",5,2.0,0,0,0,3,0,4000,0,1,0,0,0,1,0,0,0,0,0,0,1,0,1,0,1,0,0,0,0,0,0,0,0,1,,
409,1075,"1420 North Silverleaf Blvd., Regina, SK, S0G 5K0",2,1.0,0,0,1,0,1,760,0,0,0,0,0,0,0,0,1,0,0,0,1,1,1,0,1,0,0,0,0,0,0,0,0,0,,
410,799,"3525 Avonhurst Dr, Regina, SK, S4R 3K2",1,1.0,0,1,1,0,1,575,0,0,0,0,1,0,0,0,0,0,0,0,1,0,1,1,0,0,0,0,0,0,0,0,0,1,,
411,1450,"247 Froom Cres, Regina S4N1T2 SK",3,2.0,0,0,0,3,0,1600,0,0,0,0,0,0,0,1,0,0,0,0,1,1,1,0,1,0,0,0,0,0,0,0,0,1,,
412,1299,"1060 Dorothy St., Regina, SK, S4X 3C5",2,1.0,0,0,1,0,1,877,0,1,1,0,1,0,0,0,0,0,0,1,1,1,1,0,1,1,0,0,0,1,0,0,1,1,,
413,990,"2115 Angus Street, Regina, SK, S4T 2A1",1,1.0,0,1,1,0,1,950,0,1,0,0,1,0,0,0,0,0,0,0,1,0,1,1,0,0,0,0,0,0,0,0,1,0,,
414,725,"15  Darlington St. E, Yorkton, SK, S3N 0C1",1,1.0,0,1,1,0,1,486,0,0,0,0,1,0,0,0,0,0,0,0,1,0,1,1,0,0,0,0,0,0,0,0,0,1,,
415,1400,"3025 Cameron St, Regina, SK S4S 1W6, Canada",2,2.0,0,0,0,1,0,790,0,1,0,0,0,0,0,0,1,0,0,0,1,1,1,0,1,0,0,0,0,0,0,0,0,1,,
416,925,"34 Nollet Ave, Regina, SK S4T 7J8, Canada",1,1.0,0,1,1,1,0,582,0,1,0,0,0,0,1,0,0,0,0,0,1,0,1,1,0,1,0,0,0,0,0,0,1,0,,
417,900,"2121 Rae St, Regina, SK S4T 2E8, Canada",1,1.0,0,1,1,1,0,600,1,0,0,0,0,0,1,0,0,0,0,0,1,1,1,1,0,0,0,0,0,0,0,1,0,0,,
418,1400,"4147 Green Apple Dr, Regina, SK S4V 2Z6, Canada",2,2.0,0,0,0,2,0,900,0,1,0,0,0,0,1,0,0,0,0,0,0,1,1,0,1,0,0,0,0,0,0,0,1,0,,
419,875,"47 Centennial St, Regina, SK S4S 0A2, Canada",1,1.0,0,1,1,1,0,800,0,1,0,0,0,0,1,0,0,0,0,0,0,0,1,1,0,0,0,0,0,0,0,0,1,0,,
420,1100,"1061 Birchwood Pl, Regina, SK S4S 7L1, Canada",2,1.0,0,0,1,1,0,800,0,1,0,0,0,0,1,0,0,0,0,0,0,1,1,0,1,0,0,0,0,0,0,0,1,0,,
421,1395,"551 Guelph Crescent, Saskatoon, SK S7H 4R3, Canada",3,2.0,0,0,0,2,0,1200,0,0,0,0,0,0,0,1,0,0,0,0,1,1,1,0,1,0,0,0,0,0,0,0,0,1,,
422,1100,"4016 Buckingham Dr, Regina, SK S4V 3A9, Canada",2,1.0,0,0,1,1,0,800,0,1,0,0,0,0,1,0,0,0,0,0,0,1,1,0,1,0,0,0,0,0,0,0,1,0,,
423,1295,"Dakota Dr, Regina, SK S4Z, Canada",2,2.0,0,0,1,2,0,1160,0,1,0,0,0,0,1,0,0,0,0,0,1,1,1,0,1,0,0,0,1,0,0,1,1,0,,
424,1285,"3928 Green Falls Drive, Regina, SK, S4V 3M1",2,1.0,0,1,1,0,1,840,0,1,0,0,1,0,0,0,0,0,0,0,0,1,1,0,1,0,0,0,1,1,1,0,1,0,,
425,750,"2104  14th Ave, Regina, SK, S4P 0X6",1,1.0,0,1,1,0,1,343,0,0,0,0,1,0,0,0,0,0,0,0,1,0,1,1,0,0,0,0,0,0,0,0,0,0,,
426,1500,"394 Cedar Meadow Dr, Regina, SK S4X 3E6, Canada",3,2.0,0,0,0,1,0,1150,0,1,0,0,0,0,1,0,0,0,0,0,1,1,1,0,1,0,0,0,0,0,0,1,1,0,,
427,1195,"2428 Edgar St, Regina, SK S4N 3L3, Canada",2,2.0,0,0,0,2,0,750,0,0,0,0,0,0,0,0,1,0,0,0,1,0,1,0,1,0,0,0,0,0,0,0,0,1,,
428,1348,"502 University Park Drive, Regina, SK, S4V 3L8",2,1.0,0,1,1,1,1,860,0,1,0,0,1,0,0,0,0,0,0,0,1,1,1,0,1,0,0,0,1,0,0,0,1,0,,
429,1000,"S4T3M6, Canada",3,2.0,0,0,0,1,0,1000,0,0,0,0,0,0,0,0,1,0,0,0,1,0,1,1,0,0,0,0,0,0,0,0,0,1,,
430,1350,"Dakota Dr, Regina, SK S4Z, Canada",2,2.0,0,0,0,1,0,1100,0,1,0,0,0,0,1,0,0,0,0,0,1,1,1,0,1,0,1,0,1,1,1,1,1,0,,
431,1800,"S0G 4K0, Canada",5,3.0,0,0,0,3,0,1372,0,1,0,0,0,0,0,0,1,0,0,0,1,1,1,1,1,0,0,0,0,0,0,0,0,1,,
432,1590,"5290 Aerodrome Rd, Regina, SK S4W 0P4, Canada",3,1.5,0,0,0,1,0,1100,0,0,0,0,0,0,0,0,0,1,0,0,1,1,1,0,1,0,0,0,0,0,0,0,1,0,,
433,1059,"193 Lockwood Rd., Regina, SK, S4S 6G9",1,1.0,1,1,1,0,1,658,0,1,1,0,1,0,0,0,0,0,0,1,1,0,1,1,0,1,0,0,0,0,0,0,1,0,,
434,821,"22-41 Munroe Pl., Regina, SK, S4S 6A7",1,1.0,0,1,1,0,1,670,0,0,1,0,1,0,0,0,0,0,0,1,1,0,1,1,0,1,0,0,0,0,0,1,1,0,,
435,1250,"SE , SE 3418 16 west of 2nd S0G0E0  SK, Canada",3,3.0,0,0,1,3,0,980,0,0,0,0,0,0,0,0,1,0,0,0,1,0,1,0,1,0,0,0,0,0,0,0,0,1,,
436,882,"877 Scotia St, Melville, SK S0A 2P0, Canada",2,1.0,0,1,1,1,0,850,0,1,0,0,1,0,0,0,0,0,0,0,0,1,1,0,1,0,0,0,0,0,0,0,1,0,,
437,950,"245 3 St NE, Wadena, SK S0A 4J0, Canada",2,1.0,1,1,1,1,1,800,0,1,0,0,1,0,0,0,0,0,1,1,0,0,1,1,0,0,0,0,0,0,0,0,1,0,,
438,1509,"Murphy Cres.& Lothian Mews, Regina, SK, S4X 1F5",3,1.0,0,0,1,0,1,1105,0,0,1,0,0,0,0,0,0,1,0,1,1,0,1,0,1,0,0,0,0,0,0,0,1,1,,
439,750,"S4P1E9, Canada",1,1.0,0,0,0,0,1,900,0,0,1,0,0,0,0,0,1,0,0,0,1,0,1,1,1,0,0,0,0,0,0,0,0,1,,
440,850,"S4P1W5, Canada",2,1.0,0,0,0,1,1,1000,0,0,1,0,0,0,0,0,1,0,0,0,1,0,1,1,1,0,0,0,0,0,0,0,0,1,,
441,1650,"617 Smith Dorrien Ave, Esterhazy, SK S0A 0X0, Canada",3,2.0,1,1,1,3,0,1773,0,1,0,1,0,0,0,0,1,0,1,0,0,1,1,0,1,0,0,0,0,0,0,0,0,1,,
442,1700,"MacKenzie Way, Regina S4N5M9 SK",3,1.5,0,0,0,1,0,1130,0,0,0,0,0,0,0,0,0,1,0,0,1,1,1,0,1,0,0,0,0,0,0,0,0,1,,
443,750,"1440 Angus St, Regina, SK S4T 1Y9, Canada",1,1.0,0,1,1,1,0,800,0,1,0,0,1,0,0,0,0,0,0,0,1,0,0,1,0,1,0,0,0,0,0,0,1,0,,
444,700,"233  Bradbrooke Drive, Yorkton, SK, S3N 2K6",1,1.0,0,1,1,0,1,502,0,0,0,0,1,0,0,0,0,0,0,0,1,0,1,1,0,0,0,0,0,0,0,0,0,0,,
445,1600,"204 Tyvan St, Francis, SK S0G 1V0, Canada",2,1.0,1,1,1,2,0,1260,0,1,0,1,0,1,0,0,0,0,1,0,0,0,1,0,1,0,0,0,0,0,0,0,1,1,,
446,1100,"2604 Lindsay Street, S4N 3E1, Regina, SK",1,1.0,1,1,1,2,0,700,0,0,0,0,0,1,0,0,0,0,0,0,1,1,0,0,1,0,0,0,0,0,0,0,0,1,,
447,550,"1240 Angus St, Regina, SK S4T 1Y7, Canada",1,1.0,1,1,1,1,0,600,1,0,0,0,0,0,0,0,1,0,1,1,0,0,1,1,0,0,0,0,0,0,0,0,0,0,,
448,1450,"S4W0E3, Canada",2,1.0,0,0,0,1,0,770,0,0,0,0,0,0,0,0,0,1,0,0,1,1,1,1,1,0,0,0,0,0,0,0,1,1,,
449,1198,"1701 Horizons Way, Regina, SK, S4Y 0G5",2,1.0,0,0,1,1,1,892,0,1,0,0,1,0,0,0,0,0,0,0,1,1,1,0,1,0,0,0,1,1,0,0,1,0,,
450,1600,"5125 Beacon Way, Regina, SK S4W 0H8, Canada",2,2.5,0,0,0,1,0,1000,0,1,0,0,0,0,0,0,0,1,0,0,1,1,1,0,1,0,0,0,0,0,0,0,0,1,,
451,1000,"Garnet St, Regina, SK, Canada, S4T 2Y2",2,1.0,0,0,0,2,0,850,1,0,0,0,0,0,0,0,1,0,0,0,1,1,1,1,1,0,0,0,0,0,0,0,0,1,,
452,800,"S4T1Y9, Canada",1,1.0,0,1,1,1,0,800,0,1,0,0,1,0,0,0,0,0,0,0,1,0,1,1,0,1,0,0,0,0,0,0,1,0,,
453,1050,"445 Government Rd, Weyburn, SK S4H 0P5, Canada",2,1.0,0,1,1,1,0,750,0,1,0,0,0,0,1,0,0,0,0,0,1,1,0,0,1,0,0,0,1,0,0,0,1,0,,
454,1136,"41 Munroe Place, Regina, SK, S4S 6A7",2,1.0,0,1,1,0,1,850,0,1,1,0,1,0,0,0,0,0,0,1,1,0,1,0,1,1,0,0,0,0,0,1,1,1,,
455,1129,"4040 Gordon Rd., Regina, SK, S4S 6W2",1,1.0,1,1,1,1,1,675,0,1,1,0,1,0,0,0,0,0,0,1,1,0,1,1,0,1,0,0,1,1,0,0,1,0,,
456,1300,"331  Broad Street North, Regina, SK, S4R 2X8",2,2.0,0,1,1,0,1,832,0,1,0,0,1,0,0,0,0,0,0,0,1,0,1,1,0,0,0,0,0,0,0,0,1,0,,
457,795,"2127 Lindsay St, Regina, SK S4N 3C1, Canada",1,1.0,1,1,1,0,0,500,1,1,0,0,1,0,0,0,0,0,0,0,0,0,0,1,0,0,0,0,0,0,0,1,0,1,,
458,825,"6  Allanbrooke Dr, Yorkton, SK, S3N 2J7",1,1.0,0,1,1,0,1,565,0,0,0,0,1,0,0,0,0,0,0,0,1,0,1,1,0,0,0,0,0,0,0,0,1,0,,
459,820,"2024  14th Ave, Regina, SK, S4P 0X5",1,1.0,0,1,1,0,1,473,0,0,0,0,1,0,0,0,0,0,0,0,1,0,1,1,0,0,0,0,0,0,0,0,0,0,,
460,1089,"22-41 Munroe Pl., Regina, SK, S4S 6A7",1,1.0,0,1,1,1,1,670,0,1,1,0,1,0,0,0,0,0,0,1,1,0,1,1,0,1,0,0,0,0,0,1,1,0,,
461,875,"321  Fietz St, Yorkton, SK, S3N 3P6",2,1.0,0,1,1,0,1,841,0,1,0,0,1,0,0,0,0,0,0,0,1,1,1,1,0,0,0,0,0,0,0,0,1,1,,
462,935,"505 Rose St, Regina, SK S4R 1Z4, Canada",2,1.0,0,1,1,1,0,800,0,1,0,0,1,0,0,0,0,0,0,0,0,0,1,1,0,0,0,0,0,0,0,0,1,0,,
463,1295,"Dakota Dr, Regina, SK S4Z, Canada",2,2.0,0,0,1,2,0,1160,0,1,0,0,0,0,1,0,0,0,0,0,1,1,1,0,1,0,0,0,1,0,0,1,1,0,,
464,850,"2175  Rae Street, Regina, SK, S4T 2E8",1,1.0,0,1,1,0,1,380,0,1,0,0,1,0,0,0,0,0,0,0,1,0,1,1,0,0,0,0,0,0,0,0,0,0,,
465,799,"1424 Victoria Ave, Regina, SK, S4P 0P3",1,1.0,0,1,1,0,1,520,0,0,0,0,1,0,0,0,0,0,0,0,1,0,1,0,0,0,0,0,0,0,0,0,0,0,,
466,800,"S0G0a4, Canada",3,1.0,0,0,1,2,0,1000,0,0,0,0,0,0,0,0,1,0,0,0,0,0,1,1,1,0,0,0,0,0,0,0,1,1,,
467,800,"18  Allanbrooke Dr, Yorkton, SK, S3N 2J7",2,1.0,0,1,1,0,1,694,0,1,0,0,1,0,0,0,0,0,0,0,1,0,1,1,0,0,0,0,0,0,0,0,1,0,,
468,825,"363  Northview Rd, Yorkton, SK, S3N 2X6",2,1.0,0,1,1,0,1,694,0,1,0,0,1,0,0,0,0,0,0,0,1,0,1,1,0,0,0,0,0,0,0,0,1,0,,
469,1398,"1251 N Galloway Street, Regina, SK, S4X 0M6",3,1.0,0,1,1,1,1,971,0,1,0,0,1,0,0,0,0,0,0,0,1,1,1,0,1,0,0,0,1,0,0,0,1,0,,
470,650,"301  Bradbrooke Dr, Yorkton, SK, S3N 2K7",1,1.0,0,1,1,0,1,300,0,1,0,0,1,0,0,0,0,0,0,0,1,0,1,1,0,0,0,0,0,0,0,0,1,0,,
471,750,"243  Bradbrooke Drive, Yorkton, SK, S3N 2K4",1,1.0,0,1,1,0,1,476,0,0,0,0,1,0,0,0,0,0,0,0,1,0,1,1,0,0,0,0,0,0,0,0,0,0,,
472,725,"320  Gladstone Ave S, Yorkton, SK, S3N 3W3",1,1.0,0,1,1,0,1,618,0,1,0,0,1,0,0,0,0,0,0,0,1,1,1,1,0,0,0,0,0,0,0,0,1,1,,
473,1000,"1 St, Estevan, SK S4A, Canada",5,2.0,0,0,0,2,1,1100,0,1,0,0,0,0,0,0,1,0,0,0,1,0,1,0,1,0,0,0,0,0,0,0,0,1,,
474,1050,"176 2 Ave E, Melville, SK S0A 2P0, Canada",2,1.0,1,1,1,2,1,990,1,1,0,0,0,0,0,0,1,0,1,0,0,0,0,1,0,0,0,0,0,0,0,0,0,1,,
475,1450,"1300 Stockton St, Regina, SK S4X 0B8, Canada",2,2.0,1,1,1,1,0,850,0,1,0,0,0,0,1,0,0,0,0,0,1,1,1,0,1,0,1,0,1,1,0,1,1,0,,
476,1041,"41 Munroe Place, Regina, SK, S4S 6A7",1,1.0,0,1,1,0,1,650,0,1,1,0,1,0,0,0,0,0,0,1,1,0,1,0,1,1,0,0,0,0,0,1,1,1,,
477,1350,", S4Z 0A5, Regina, SK",2,1.0,0,1,1,2,0,909,0,1,0,0,0,0,1,0,0,0,0,0,1,1,0,0,1,0,0,0,0,0,0,0,1,0,,
478,850,"1602 Victoria Ave, Regina, SK, S4P 0P7",1,1.0,0,1,1,0,1,405,0,0,0,0,1,0,0,0,0,0,0,0,1,0,1,1,0,0,0,0,0,0,0,0,0,0,,
479,1950,"Bentley Dr, Regina, SK S4N 5H7, Canada",3,2.0,0,0,0,3,0,1000,0,0,0,1,0,0,0,0,1,0,0,0,1,1,1,0,1,0,0,0,0,0,0,0,0,1,,
480,700,"2250 Rose St., Regina, SK, S4P 2A7",1,1.0,0,1,1,0,0,500,0,0,0,0,1,0,0,0,0,0,0,0,1,0,1,1,0,0,0,0,0,0,0,0,0,0,,
481,1045,"2125 Osler St, Regina, SK S4P 4G9, Canada",2,1.0,0,1,1,1,0,840,0,1,0,0,0,0,1,0,0,0,0,0,0,0,1,1,0,1,0,0,1,0,0,0,1,0,,
482,1600,"3440 Avonhurst Dr, Regina, SK S4R 3K1, Canada",3,2.5,0,0,0,2,1,1235,0,1,0,0,0,0,0,0,0,1,0,0,1,1,1,0,1,0,0,0,0,0,0,0,0,1,,
483,800,"1535 11th Ave, Regina, SK S4P 0H3, Canada",1,1.0,0,1,1,0,0,750,0,0,0,0,1,0,0,0,0,0,0,0,1,0,0,0,0,0,0,0,0,0,0,0,0,0,,
484,850,"635 17 Ave E, Regina, SK S4N 0Y8, Canada",1,1.0,1,1,1,1,0,650,1,1,0,0,0,1,0,0,0,0,0,0,1,0,1,1,1,0,0,0,0,0,0,0,0,0,,
485,800,"1535 11th Ave, Regina, SK S4P 0H3, Canada",1,1.0,0,1,1,0,0,700,0,0,0,0,1,0,0,0,0,0,0,0,1,0,0,0,0,0,0,0,0,0,0,0,0,0,,
486,1750,"4025 Hill Ave, Regina, SK S4S 0X7, Canada",2,2.0,0,0,1,1,0,1290,0,1,0,0,0,0,1,0,0,0,0,0,1,1,1,0,1,0,0,0,1,0,0,1,1,0,,
487,1041,"41 Munroe Place, Regina, SK, S4S 6A7",1,1.0,0,1,1,0,1,650,0,1,1,0,1,0,0,0,0,0,0,1,1,0,1,0,1,1,0,0,0,0,0,1,1,1,,
488,950,"S0G3N0, Canada",1,1.0,1,1,1,1,0,700,1,0,0,1,1,0,0,0,0,0,1,1,0,0,1,1,0,0,0,0,0,0,0,1,0,0,,
489,1250,"4216 Castle Rd, Regina, SK S4S 4W1, Canada",2,2.0,1,0,0,1,1,1200,0,1,0,0,0,0,0,0,0,1,0,0,0,1,1,0,1,0,0,0,0,0,0,0,0,1,,
490,1359,"1062 Dorothy St., Regina, SK, S4X 0N9",2,2.0,0,1,1,0,1,915,0,1,1,0,1,0,0,0,0,0,0,1,1,1,1,0,1,1,0,0,1,0,0,0,1,0,,
491,954,"1060 Dorothy St., Regina, SK, S4X 3C5",1,1.0,0,0,1,0,1,675,0,1,1,0,1,0,0,0,0,0,0,1,1,1,1,0,1,1,0,0,0,1,0,0,1,1,,
492,900,"Rosemont, Canada",1,1.0,0,0,1,1,1,660,0,0,0,0,1,0,0,0,0,0,0,0,1,0,1,1,1,0,1,0,0,0,0,1,1,1,,
493,700,"722 Lalonde St, Whitewood, SK S0G 5C0, Canada",1,1.0,1,1,1,1,0,500,0,0,0,0,1,0,0,0,0,0,1,0,0,0,1,1,0,0,0,0,0,0,0,0,0,0,,
494,2000,"S4N6V2, Canada",5,2.0,0,0,0,3,0,1250,0,0,0,0,0,0,0,0,1,0,0,0,1,1,1,1,1,0,0,0,0,0,0,0,1,1,,
495,938,"22-41 Munroe Pl., Regina, SK, S4S 6A7",2,1.0,0,1,1,0,1,860,0,0,1,0,1,0,0,0,0,0,0,1,1,0,1,1,0,1,0,0,0,0,0,1,1,0,,
496,799,"1424 Victoria Ave, Regina, SK, S4P 0P3",1,1.0,0,1,1,0,1,520,0,0,0,0,1,0,0,0,0,0,0,0,1,0,1,0,0,0,0,0,0,0,0,0,0,0,,
497,1750,"14 Milford Crescent, Regina, SK S4N 1K7, Canada",3,2.0,0,0,0,3,1,1300,0,1,0,1,0,0,0,0,1,0,0,0,1,1,1,1,1,0,0,0,0,0,0,0,1,1,,
498,955,"2175  Rae Street, Regina, SK, S4T 2E8",1,1.0,0,1,1,0,1,622,0,1,0,0,1,0,0,0,0,0,0,0,1,0,1,1,0,0,0,0,0,0,0,0,0,0,,
499,1000,"S4W0c7, Canada",1,1.0,1,0,1,1,0,500,0,0,0,0,0,1,0,0,0,0,1,1,0,0,1,1,1,0,0,0,0,0,0,0,0,0,,
500,1650,"Scarth St, Regina, SK S4P 2G9, Canada",1,1.0,1,1,1,1,0,868,1,1,0,0,0,0,1,0,0,0,1,1,0,1,1,0,1,0,0,0,1,0,0,0,0,0,,
501,600,"176 2 Ave E, Melville, SK S0A 2P0, Canada",1,1.0,0,0,0,2,0,500,1,0,0,0,0,0,0,0,1,0,0,0,0,0,1,1,0,0,0,0,0,0,0,0,0,1,,
502,1200,"Arthur St, Regina, SK S4R 4X2, Canada",3,1.0,0,0,0,2,0,900,0,1,0,0,0,0,0,0,1,0,0,0,0,0,1,0,1,0,0,0,0,0,0,0,0,1,,
503,1249,"4040 Gordon Rd., Regina, SK, S4S 6W2",1,1.0,1,1,1,1,1,900,0,1,1,0,1,0,0,0,0,0,0,1,1,0,1,1,0,1,0,0,1,1,0,0,1,0,,
504,900,"3838 Retallack Street, Regina, SK, S4S 3B8",1,1.0,0,1,1,0,1,600,0,1,0,0,1,0,0,0,0,0,0,0,1,0,1,1,0,0,0,0,0,0,0,0,0,0,,
505,1300,"2134 Halifax St, Regina, SK S4P 1T9, Canada",1,1.0,1,1,1,1,1,800,1,0,0,0,0,0,0,0,1,0,1,1,0,0,1,1,0,0,0,0,0,0,0,0,0,1,,
506,1100,", Regina  S4N5L2 SK, Canada",3,1.0,0,0,0,0,0,980,0,1,0,0,0,0,0,1,0,0,0,0,1,0,1,0,1,0,0,0,0,0,0,0,0,1,,
507,1059,"111 Lockwood Road, Regina, SK, S4S 3G5",1,1.0,1,1,1,0,0,679,0,1,0,0,1,0,0,0,0,0,0,0,1,1,1,0,0,0,0,0,1,0,1,0,1,0,,
508,1300,"302 Gore Pl, Regina, SK S4T 7S4, Canada",2,1.0,0,0,1,1,1,890,0,1,0,0,0,0,1,0,0,0,0,0,1,1,1,0,1,0,0,0,0,0,0,0,1,0,,
509,1250,"1219 Broadway Ave, Saskatoon, SK S7H 2A4, Canada",2,2.0,0,0,0,1,0,785,0,0,0,1,0,0,0,0,1,0,0,0,1,1,1,0,1,0,0,0,0,0,0,0,0,1,,
510,1250,"729 Broadway Ave, S4N 1C4, Regina, SK",2,1.0,0,0,0,1,0,900,0,1,0,0,0,0,0,1,0,0,0,0,1,1,1,0,1,0,0,0,0,0,0,0,1,1,,
511,1195,"S4R3M4, Canada",2,1.0,0,1,1,1,0,850,1,1,0,0,0,0,1,0,0,0,0,0,0,0,1,1,0,1,1,0,0,0,0,1,0,0,,
512,1120,"453 Retallack Street, Regina, SK, S4R 3N4",2,1.0,0,1,1,0,1,1000,0,1,0,0,1,0,0,0,0,0,0,0,1,0,1,1,0,0,0,0,0,0,0,0,0,0,,
513,1120,"445  Retallack Street, Regina, SK, S4R 3N4",2,1.0,0,1,1,0,1,1000,0,1,0,0,1,0,0,0,0,0,0,0,1,0,1,1,0,0,0,0,0,0,0,0,0,0,,
514,1200,"4677 James Hill, s4w0c7, Harbour Landing, SK",2,1.0,0,0,0,1,0,882,0,0,0,0,0,0,0,0,1,0,0,0,1,1,1,0,1,0,0,0,0,0,0,0,1,1,,
515,795,"49 Ashwood Pl, Yorkton, SK S3N 2N1, Canada",2,1.0,0,0,1,2,0,825,0,0,0,0,1,0,0,0,0,0,0,0,0,0,1,1,0,0,0,0,0,0,0,0,0,1,,
516,929,"193 Lockwood Rd, Regina, SK S4S 6G9, Canada",1,1.0,1,1,1,0,1,850,0,1,1,0,1,0,0,0,0,0,1,1,0,0,0,1,0,0,0,0,0,0,0,0,1,0,,
517,800,"2415 Dewdney Ave, Regina, SK S4R 8R2, Canada",1,1.0,1,1,1,3,0,600,1,1,0,0,1,0,0,0,0,0,1,1,0,0,1,1,0,0,0,0,1,1,1,0,0,0,,
518,2650,"2055 Rose St, Regina, SK S4P 2A3, Canada",2,2.0,1,1,1,1,0,1250,0,1,0,1,0,0,1,0,0,0,0,0,1,1,1,0,1,1,0,0,1,1,0,0,1,0,,
519,800,"3824 Regina Ave, Regina, SK S4S 0H7, Canada",1,1.0,0,1,1,1,0,700,0,0,0,0,1,0,0,0,0,0,0,0,1,0,1,1,0,1,0,0,0,0,0,1,0,0,,
520,850,"3945 Robinson Street, Regina, SK, S4S 3C7",2,1.0,0,0,0,0,0,900,0,0,0,0,1,0,0,0,0,0,0,0,1,0,0,0,0,0,0,0,0,0,0,0,0,0,,
521,1200,"7234 Dewdney Ave, Regina, SK S4T 1E6, Canada",3,1.0,0,0,0,2,0,1230,0,0,0,0,0,0,0,1,0,0,0,0,0,0,1,0,1,0,0,0,0,0,0,0,0,1,,
522,1700,"1250 Wessex Place, S4N 7S2, Regina, SK",3,3.0,0,0,0,2,1,1100,0,1,0,1,0,0,0,0,0,1,0,0,1,0,0,0,1,0,0,0,0,0,0,0,1,0,,
523,1250,"S4S1E4, Canada",1,1.0,1,1,1,3,0,1055,1,1,0,1,0,0,0,0,1,0,1,0,1,1,1,1,1,0,0,0,0,0,0,0,0,1,,
524,1200,"College Ave, Regina, SK S4P 4V5, Canada",2,1.0,0,0,0,0,1,970,0,1,1,0,0,0,0,0,1,0,0,0,1,1,1,1,1,0,0,0,0,0,0,0,1,1,,
525,1195,"S3N 2H1, Canada",2,1.5,1,1,1,0,1,600,0,1,0,1,0,1,0,0,0,0,1,0,1,0,1,1,1,0,0,0,0,0,0,0,0,1,,
526,1060,"1830 College Avenue, Regina S4P 1C2 SK",1,1.0,0,1,1,0,0,650,0,1,0,0,1,0,0,0,0,0,0,0,1,0,1,1,0,0,1,0,1,0,0,1,1,0,,
527,1064,"5035 Sherwood Dr., Regina, SK, S4R 4C1",1,1.0,0,1,1,0,1,700,0,1,1,0,1,0,0,0,0,0,0,1,1,1,1,1,0,1,0,0,0,1,0,1,1,0,,
528,1100,"69  Kleisinger Cres, Regina, SK, S4R 6Z4",2,1.0,0,1,1,0,1,761,0,1,0,0,1,0,0,0,0,0,0,0,1,0,1,1,0,0,0,0,0,0,0,0,1,0,,
529,725,"851 Scotia Street, S0A 2P0, Melville, SK",2,1.0,0,1,1,1,0,800,0,0,0,0,1,0,0,0,0,0,0,0,1,0,1,1,0,0,0,0,0,0,0,0,1,0,,
530,1600,"1914 Hamilton St, Regina, SK S4P 3N6, Canada",1,1.0,1,1,1,1,1,882,1,1,0,1,0,0,1,0,0,0,0,0,1,1,1,0,1,1,0,1,1,1,0,1,0,0,,
531,1000,"Carnduff, SK S0C 0S0, Canada",2,2.0,1,1,1,3,1,959,0,1,0,0,0,0,0,0,0,1,0,0,0,1,1,1,1,0,0,0,0,0,0,0,1,1,,
532,1250,"661 Royal St, Regina, SK S4T 4Z3, Canada",2,1.0,0,0,0,0,1,860,0,1,0,0,0,0,0,0,1,0,0,0,1,1,1,1,0,0,0,0,0,0,0,0,0,1,,
533,1030,"2240 Robinson Street, Regina, SK, S4T 2P9",2,1.0,0,1,1,0,1,870,0,1,0,0,1,0,0,0,0,0,0,0,1,0,1,1,0,0,0,0,0,0,0,0,0,0,,
534,1268,"700 Gladmer Pk., Regina, SK, S4P 2W9",3,1.0,0,0,0,1,1,1056,0,0,1,0,0,0,0,0,0,1,0,1,1,1,1,0,1,0,0,0,0,0,0,0,1,1,,
535,933,"22-41 Munroe Pl., Regina, SK, S4S 6A7",2,1.0,0,1,1,1,1,860,0,1,1,0,1,0,0,0,0,0,0,1,1,0,1,1,0,1,0,0,0,0,0,1,1,0,,
536,938,"22-41 Munroe Pl., Regina, SK, S4S 6A7",2,1.0,0,1,1,0,1,860,0,0,1,0,1,0,0,0,0,0,0,1,1,0,1,1,0,1,0,0,0,0,0,1,1,0,,
537,1100,"1061 Birchwood Pl, Regina, SK S4S 7L1, Canada",2,1.0,0,0,1,1,0,800,0,1,0,0,0,0,1,0,0,0,0,0,0,1,1,0,1,0,0,0,0,0,0,0,1,0,,
538,1150,"405 2305 Victoria Avenue, Regina S4S 1B6 SK",1,1.0,1,1,1,1,0,700,1,1,0,0,0,0,1,0,0,0,0,0,1,1,1,1,0,0,1,0,1,0,0,1,0,0,,
539,850,"Embury St, Regina, SK S4N 2L7, Canada",1,1.0,1,1,1,3,1,650,1,0,0,0,0,1,0,0,0,0,0,0,0,0,1,1,0,0,0,0,0,0,0,0,0,1,,
540,930,"30 Spence Street, Regina, SK, S4S 4H4",1,1.0,0,1,1,0,1,675,0,1,0,0,1,0,0,0,0,0,0,0,1,0,1,1,0,0,0,0,0,0,0,0,1,0,,
541,950,"1454  Rae St, Regina, SK, S4T 2C5",2,1.0,0,1,1,0,1,684,0,1,0,0,1,0,0,0,0,0,0,0,1,0,1,1,0,0,0,0,0,0,0,0,1,0,,
542,900,"Curtiss Ave, Regina, SK S0G, Canada",1,1.0,1,1,1,1,0,1300,1,1,0,0,0,1,0,0,0,0,1,0,0,0,0,1,0,0,0,0,0,0,0,0,0,0,,
543,1000,"340 Begg St W, Swift Current, SK S9H 0W1, Canada",3,2.0,0,0,0,3,0,1000,0,0,0,0,0,0,0,1,0,0,0,0,1,0,1,0,1,0,0,0,0,0,0,0,0,1,,
544,909,"2630 6 Ave N, Regina, SK S4R 0P2, Canada",2,1.0,1,1,1,1,0,900,0,0,0,0,1,0,0,0,0,0,0,0,1,0,1,1,0,0,0,0,0,0,0,1,1,0,,
545,1600,"89 McNab Crescent, Regina, SK S4S 4B3, Canada",3,1.0,0,0,0,2,0,1000,0,0,0,0,0,0,0,0,1,0,0,0,0,0,1,1,0,0,0,0,0,0,0,0,0,1,,
546,1625,"1420 North Silverleaf Blvd., Regina, SK, S0G 5K0",3,2.0,0,0,1,0,1,1121,0,0,0,0,0,0,0,0,1,0,0,0,1,1,1,0,1,0,0,0,0,0,0,0,0,0,,
547,525,"209 Lynch St, Maryfield, SK S0G 3K0, Canada",2,1.0,0,0,0,2,0,1000,0,0,0,0,0,0,0,0,1,0,0,0,0,0,1,0,1,0,0,0,0,0,0,0,0,1,,
548,1285,"175 Robinson Avenue, Macoun, SK, V7S 1J6",3,2.0,0,0,0,3,1,1225,0,0,0,0,0,0,0,0,1,0,0,0,1,1,1,1,1,0,0,0,0,0,0,0,1,1,,
549,950,"960 Garnet Street, Regina, SK, S4T 2X5",3,1.0,0,0,0,0,0,720,0,0,0,0,0,0,0,0,1,0,0,0,1,0,0,0,0,0,0,0,0,0,0,0,0,0,,
550,1360,", Weyburn S4H0A2 SK, Canada",3,2.5,0,0,1,2,0,1260,0,1,0,0,0,0,0,0,0,1,0,0,0,1,1,0,1,0,0,0,0,0,0,0,0,0,,
551,450,", Weyburn S4H0A2 SK, Canada",1,1.0,0,1,1,1,0,450,0,0,0,0,0,1,0,0,0,0,0,0,0,0,0,0,0,0,0,0,0,0,0,0,0,0,,
552,1450,"1640 Dakota Dr, Regina, SK S4Z 0A1, Canada",2,1.0,0,0,1,2,0,940,0,1,0,0,0,0,1,0,0,0,0,0,1,1,1,0,1,0,0,0,1,1,1,0,1,0,,
553,2500,"2500 Elphinstone St, Regina, SK S4S 0J6, Canada",4,2.0,1,1,1,2,0,900,0,1,0,0,0,0,0,1,0,0,0,0,0,0,0,0,1,0,0,0,0,0,0,0,0,0,,
554,750,"65 Ambassador Trailer Ct, Estevan, SK S4A 2A2, Canada",3,1.0,0,0,0,2,1,1088,0,0,0,0,0,0,0,0,1,0,0,0,0,0,0,0,1,0,0,0,0,0,0,0,0,1,,
555,1000,"Somerville road , Rae street  S4s2y5 SK, Canada",2,2.0,0,1,1,1,0,1200,0,0,0,0,0,1,0,0,0,0,1,0,1,0,0,1,0,0,0,0,0,0,0,0,0,1,,
556,1000,", Harbour landing  S4w0c7 SK, Canada",1,1.0,1,0,1,0,0,500,0,0,0,0,0,1,0,0,0,0,1,1,1,0,1,0,1,0,0,0,0,0,0,0,0,0,,
557,950,"512 4th Ave N, Saskatoon, SK S7K 2M7, Canada",1,1.0,0,1,1,1,0,626,0,1,0,0,1,0,0,0,0,0,0,0,1,1,1,0,1,0,0,0,0,0,0,0,1,0,,
558,700,"Retallack St, Regina, SK S4T 2H3, Canada",2,1.0,0,0,0,1,0,800,0,0,0,0,0,0,0,0,1,0,0,0,0,0,1,0,1,0,0,0,0,0,0,0,0,1,,
559,750,"509 Birtle St, Moosomin, SK S0G 3N0, Canada",1,1.0,1,1,1,1,0,400,1,1,0,0,1,0,0,0,0,0,1,1,0,0,0,1,0,0,0,0,0,0,0,0,1,0,,
560,1000,", Leslie S0A 2E0 SK, Canada",1,1.0,0,0,0,1,1,100,0,0,0,0,0,0,0,0,1,0,0,0,1,0,0,0,0,0,0,0,0,0,0,0,0,1,,
561,1800,"303 Royal Street, S4R4Y2, Regina, SK",4,2.0,0,0,0,2,0,950,0,0,0,0,0,0,0,0,1,0,0,0,1,0,1,0,1,0,0,0,0,0,0,0,1,1,,
562,900,"1800 York Street, Regina, SK, S4T 4R2",1,1.0,0,0,0,0,1,650,0,1,0,0,1,0,0,0,0,0,0,0,1,1,1,0,0,0,0,0,0,0,0,0,0,0,,
563,600,"Souris Ave, Frobisher, SK S0C 0Y0, Canada",2,1.0,0,0,0,2,0,900,0,1,0,0,1,0,0,0,0,0,0,0,1,0,1,0,1,0,0,0,0,0,0,0,0,0,,
564,800,"431 17 Ave E, Regina, SK S4N 0Y4, Canada",1,1.0,0,1,1,1,0,800,0,0,0,0,1,0,0,0,0,0,0,0,1,0,1,1,0,0,0,0,0,0,0,0,0,0,,
565,500,"S4H1W7, Canada",2,2.5,1,1,1,1,0,1234,1,1,0,0,0,0,0,0,1,0,1,0,0,1,1,1,1,0,0,0,0,0,0,0,1,1,,
566,1400,"865 Queen St, Regina, SK S4T 4A6, Canada",3,2.0,1,1,1,1,0,1280,0,1,0,0,0,0,0,0,1,0,0,0,1,1,1,1,1,0,0,0,0,0,0,0,1,1,,
567,800,"S4T0L2, Canada",2,1.0,0,0,0,1,1,700,0,0,0,0,0,0,0,0,1,0,0,0,0,0,1,1,0,0,0,0,0,0,0,0,0,1,,
568,1300,"3420 Park St, Regina, SK S4V 2M9, Canada",3,1.5,0,1,1,1,0,980,0,0,0,0,0,0,1,0,0,0,0,0,1,1,1,0,1,0,0,0,1,0,0,0,1,0,,
569,938,"22-41 Munroe Pl., Regina, SK, S4S 6A7",2,1.0,0,1,1,0,1,860,0,0,1,0,1,0,0,0,0,0,0,1,1,0,1,1,0,1,0,0,0,0,0,1,1,0,,
570,989,"22-41 Munroe Pl., Regina, SK, S4S 6A7",2,1.0,0,1,1,1,1,860,0,1,1,0,1,0,0,0,0,0,0,1,1,0,1,1,0,1,0,0,0,0,0,1,1,0,,
571,1375,"2830 Gordon Rd, Regina, SK S4S 6A1, Canada",2,1.0,1,1,1,1,0,926,0,1,0,0,0,0,1,0,0,0,0,0,1,1,1,1,0,0,0,0,1,1,1,0,1,0,,
572,1300,"331  Broad Street North, Regina, SK, S4R 2X8",2,2.0,0,1,1,0,1,832,0,1,0,0,1,0,0,0,0,0,0,0,1,0,1,1,0,0,0,0,0,0,0,0,1,0,,
573,1190,"4013 Harbour Landing Dr, Regina, SK, S4W 0E5",2,1.0,0,0,1,0,1,691,0,1,0,0,1,0,0,0,0,0,0,0,1,1,1,0,1,0,0,0,1,1,1,0,1,0,,
574,1268,"700 Gladmer Pk., Regina, SK, S4P 2W9",3,1.0,0,0,0,1,1,1056,0,0,1,0,0,0,0,0,0,1,0,1,1,1,1,0,1,0,0,0,0,0,0,0,1,1,,
575,799,"1424 Victoria Ave, Regina, SK, S4P 0P3",1,1.0,0,1,1,0,1,520,0,0,0,0,1,0,0,0,0,0,0,0,1,0,1,0,0,0,0,0,0,0,0,0,0,0,,
576,900,"5430 McClelland Dr, Regina, SK S4W 0K7, Canada",1,1.0,0,0,0,1,0,400,1,0,0,0,0,1,0,0,0,0,1,0,1,1,1,0,1,0,0,0,0,0,0,0,0,0,,
577,2100,"2300 Broad St, Regina, SK S4P 1Y8, Canada",2,2.0,0,1,1,1,1,1400,0,1,0,1,0,0,1,0,0,0,0,0,1,1,1,1,1,0,1,0,1,1,0,1,1,0,,
578,975,"3832 Rae St, Regina, SK S4S 3A1, Canada",2,1.0,0,1,1,1,1,770,0,1,0,0,1,0,0,0,0,0,0,0,1,0,1,1,0,1,1,0,0,0,0,1,0,1,,
579,685,", Canora S0A0L0 SK, Canada",2,1.0,0,0,0,1,0,800,0,0,0,0,0,0,0,0,1,0,0,0,1,0,1,0,1,0,0,0,0,0,0,0,0,1,,
580,1500,"2157 Toronto St, Regina, SK S4P 0B8, Canada",3,1.0,0,0,0,1,0,1134,1,0,0,0,0,0,1,0,0,0,0,0,1,1,1,0,1,0,0,0,0,0,0,0,1,1,,
581,900,"2353 Ottawa St, Regina, SK S4P 1R2, Canada",2,1.0,0,1,1,1,0,800,0,0,0,0,1,0,0,0,0,0,0,0,1,0,1,1,0,0,0,0,0,0,0,0,0,1,,
582,1239,"700 Gladmer Pk., Regina, SK, S4P 2W9",2,1.0,0,0,0,1,1,864,0,0,1,0,0,0,0,0,0,1,0,1,1,1,1,0,1,0,0,0,0,0,0,0,1,1,,
583,1350,"2315 McIntyre Street, Regina, SK, S4P 3Y8",1,1.0,0,0,0,0,0,725,0,1,0,0,0,0,0,0,1,0,0,0,1,0,1,0,0,0,0,0,0,0,0,0,0,0,,
584,1500,"126 Oakview Drive, Regina, SK, S4R 0E4",4,2.5,0,0,0,0,0,1188,0,0,0,0,0,0,0,0,1,0,0,0,1,0,0,0,0,0,0,0,0,0,0,0,0,0,,
585,1200,"38 Spence Street, Regina, SK, S4S 4H4",2,1.0,0,0,0,0,0,900,0,1,0,0,0,0,0,0,1,0,0,0,1,1,1,0,0,0,0,0,0,0,0,0,0,0,,
586,1000,", Regina S4W 0K8 SK, Canada",1,1.0,1,1,1,0,0,800,1,1,0,0,0,1,0,0,0,0,1,1,1,0,1,0,1,0,0,0,0,0,0,0,0,1,,
587,750,"S4V3N4, Canada",1,1.0,1,1,1,1,0,750,1,1,0,0,0,1,0,0,0,0,1,1,0,1,1,1,1,0,0,0,0,0,0,0,1,1,,
588,1350,"51 Rodenbush Dr, Regina, SK S4R 8C7, Canada",2,1.0,1,1,1,1,0,907,1,1,0,0,0,0,1,0,0,0,1,1,0,1,1,1,0,0,0,0,0,0,1,0,1,0,,
589,950,"2334 Broder St, Regina, SK S4N 3S8, Canada",2,1.0,0,0,0,1,0,900,0,0,0,0,0,0,0,0,1,0,0,0,1,0,0,1,0,0,0,0,0,0,0,0,0,0,,
590,550,"136 Solberg St, Milestone, SK S0G 3L0, Canada",2,1.0,0,0,0,2,0,672,0,0,0,0,0,0,0,0,1,0,0,0,1,0,1,0,1,0,0,0,0,0,0,0,0,1,,
591,850,"2175  Rae Street, Regina, SK, S4T 2E8",1,1.0,0,1,1,0,1,380,0,1,0,0,1,0,0,0,0,0,0,0,1,0,1,1,0,0,0,0,0,0,0,0,0,0,,
592,1100,"26 Shaw Street -, Regina, SK, S4R 3M4",2,1.0,0,0,0,0,0,817,0,1,0,0,0,0,0,0,1,0,0,0,1,0,1,0,0,0,0,0,0,0,0,0,0,0,,
593,550,"628 Norway Rd, Canora, SK S0A 0L0, Canada",1,1.0,0,1,1,1,0,500,1,0,0,0,1,0,0,0,0,0,0,0,1,0,0,1,0,0,0,0,0,0,0,1,0,1,,
594,1350,"70 Froom Crescent, Regina, SK S4N 1S7, Canada",3,1.0,1,1,1,1,0,1304,0,0,0,0,1,0,0,0,0,0,0,0,0,0,0,1,0,0,0,0,0,0,0,0,1,0,,
595,950,"4435 A Dewdney Ave, REGINA S4t 1b3 SK",2,1.0,0,0,0,2,0,1060,0,0,0,0,0,1,0,0,0,0,0,0,1,1,1,0,1,0,0,0,0,0,0,0,0,1,,
596,600,"S3N1m3, Canada",1,1.0,1,1,1,1,0,450,0,0,0,0,1,0,0,0,0,0,0,0,1,0,1,1,0,0,1,0,0,0,0,0,0,1,,
597,800,"1560 Alexandra St, Regina, SK S4T 4N9, Canada",1,1.0,0,1,1,1,0,650,0,0,0,0,1,0,0,0,0,0,0,0,1,0,1,1,0,0,0,0,0,0,0,0,0,0,,
598,800,"1130 Angus Street, Regina S4T 1Y5 SK",3,1.0,0,0,0,1,1,1000,0,0,0,0,0,0,0,0,1,0,0,0,1,0,0,0,1,0,0,0,0,0,0,0,0,1,,
599,123,"2119 Osler St, Regina, SK S4P 1W7, Canada",1,1.0,0,1,1,0,1,750,0,1,0,0,1,0,0,0,0,0,0,0,1,0,1,1,0,1,1,0,0,0,0,0,0,0,,
600,1150,"9 6 St, Weyburn, SK S4H 0A8, Canada",2,2.0,0,0,1,1,0,1100,0,1,0,0,0,0,1,0,0,0,0,0,1,1,1,0,1,0,0,0,0,0,0,0,1,0,,
601,795,"#4-2223 McIntyre Street , Regina s4p 2s1 SK",1,1.0,0,1,1,1,0,640,0,1,0,0,1,0,0,0,0,0,0,0,0,0,1,1,0,1,0,0,0,0,0,1,0,0,,
602,1075,", s4p2s1, Regina, SK",2,1.0,0,1,1,1,0,980,0,1,0,0,1,0,0,0,0,0,0,0,0,0,1,1,0,1,0,0,0,0,0,1,0,0,,
603,825,"2504 Argyle St, Regina, SK S4S 0J2, Canada",1,1.0,0,1,0,1,0,900,0,0,0,0,1,0,0,0,0,0,0,0,1,1,1,1,0,0,0,0,0,0,0,0,0,0,,
604,750,"1610 Angus St, Regina, SK S4T 1Z2, Canada",1,2.5,0,1,1,1,0,600,0,0,0,0,1,0,0,0,0,0,0,0,0,0,1,1,0,1,0,0,0,0,0,0,0,0,,
605,1500,"S4X0J1, Canada",2,1.0,0,1,1,1,0,963,1,1,0,0,0,0,1,0,0,0,0,0,1,1,1,0,1,0,1,0,0,0,0,1,1,0,,
606,650,"1610 Angus St, Regina, SK S4T 1Z2, Canada",1,2.5,0,1,1,1,0,300,0,0,0,0,1,0,0,0,0,0,0,0,0,0,0,1,0,0,0,0,0,0,0,0,0,0,,
607,1100,"357 Froom Crescent, Regina, SK S4N 1T4, Canada",2,1.0,1,1,1,1,0,900,0,0,0,0,0,1,0,0,0,0,0,0,0,1,1,0,1,0,0,0,0,0,0,0,0,0,,
608,935,"505 Rose St, Regina, SK S4R 1Z4, Canada",2,1.0,0,1,1,1,0,800,0,1,0,0,1,0,0,0,0,0,0,0,0,0,1,1,0,0,0,0,0,0,0,0,1,0,,
609,940,"331  Broad Street North, Regina, SK, S4R 2X8",1,1.0,0,1,1,0,1,659,0,1,0,0,1,0,0,0,0,0,0,0,1,0,1,1,0,0,0,0,0,0,0,0,1,0,,
610,750,"2104  14th Ave, Regina, SK, S4P 0X6",1,1.0,0,1,1,0,1,343,0,0,0,0,1,0,0,0,0,0,0,0,1,0,1,1,0,0,0,0,0,0,0,0,0,0,,
611,1400,"2126 Elliott St, Regina, SK S4N 3H2, Canada",3,1.0,0,0,0,1,1,954,0,0,0,0,0,0,0,0,1,0,0,0,0,0,1,0,1,0,0,0,0,0,0,0,0,1,,
612,900,"2504 Argyle St, Regina, SK S4S 0J2, Canada",1,1.0,0,1,1,1,0,900,0,0,0,0,0,0,0,1,0,0,0,0,1,1,1,1,0,0,0,0,0,0,0,0,0,0,,
613,1200,"1411 Fleet St, Regina, SK S4N 5R6, Canada",2,1.0,1,1,1,0,0,900,1,1,0,0,0,1,0,0,0,0,1,0,0,0,1,1,0,0,0,0,0,0,0,0,0,0,,
614,625,"117 Main St, Radville, SK S0C 2G0, Canada",1,1.0,1,1,1,1,0,600,0,0,0,0,1,0,0,0,0,0,0,0,1,0,1,1,0,1,1,0,0,0,0,0,1,1,,
615,2000,"484 Mutual St, Ottawa, ON K1K 1C8, Canada",3,2.0,0,0,0,1,0,1100,0,1,0,0,0,0,0,0,1,0,1,0,0,0,1,0,1,0,0,0,0,0,0,0,0,1,,
616,1000,", Harbour Landing S4W0K5 SK",2,1.0,0,0,0,2,0,800,0,0,0,0,0,1,0,0,0,0,1,0,1,1,1,0,1,0,0,0,0,0,0,0,0,0,,
617,400,"s4a0b8, Canada",5,4.0,1,1,1,3,1,1500,0,0,0,0,0,0,0,0,1,0,0,0,1,0,0,0,0,0,0,0,0,0,0,0,0,1,,
618,995,"2420 6 Ave N, Regina, SK S4R 3B4, Canada",2,1.0,0,1,1,1,1,800,0,1,0,0,1,0,0,0,0,0,0,0,0,0,0,1,0,0,0,0,0,0,0,1,1,0,,
619,895,"2420 6 Ave N, Regina, SK S4R 3B4, Canada",1,1.0,0,1,1,1,1,650,0,1,0,0,1,0,0,0,0,0,0,0,0,0,1,1,0,0,0,0,0,0,0,1,1,0,,
620,800,"357 N Broad St, Regina, SK S4R 2X8, Canada",1,1.0,0,1,1,1,0,650,0,1,0,0,1,0,0,0,0,0,0,0,0,0,1,1,0,0,0,0,0,0,0,0,1,0,,
621,850,"357 N Broad St, Regina, SK S4R 2X8, Canada",2,1.0,0,1,1,1,0,900,0,1,0,0,1,0,0,0,0,0,0,0,0,0,1,1,0,0,0,0,0,0,0,0,1,0,,
622,1100,"2305 Victoria Ave, Regina, SK S4P 0S7, Canada",1,1.0,0,1,1,1,0,500,1,0,0,0,0,0,1,0,0,0,0,0,1,1,1,1,0,0,0,0,0,0,0,0,0,0,,
623,1400,", YORKTON S3N 0Z7 SK, Canada",4,2.0,0,0,0,3,0,850,0,1,0,0,0,0,0,0,1,0,0,0,1,1,1,0,1,0,0,0,0,0,0,0,0,1,,
624,750,"88 Betts Ave, Yorkton, SK S3N 1M3, Canada",1,1.0,0,1,1,1,0,400,0,0,0,0,1,0,0,0,0,0,0,0,0,0,1,1,0,0,1,0,0,0,0,1,0,0,,
625,950,"Weyburn, SK, Canada, S4H 2V2",1,1.0,0,1,1,1,0,632,1,1,0,0,0,0,1,0,0,0,0,0,1,1,1,0,1,0,0,0,1,0,0,0,1,0,,
626,1100,"Regina, SK S4N3H2, Canada",2,1.0,0,0,0,1,1,576,0,0,0,1,0,0,0,0,1,0,0,0,0,0,1,0,1,0,0,0,0,0,0,0,0,1,,
627,1450,"12 Lyons St, Regina, SK S4T 6G1, Canada",3,3.0,0,0,0,2,1,1300,0,1,0,0,0,0,0,1,0,0,0,0,0,1,1,0,1,0,0,0,0,0,0,0,0,1,,
628,1195,"35 Alport Crescent, Regina, SK S4R 7X2, Canada",2,1.0,0,1,1,1,0,700,1,1,0,0,0,0,1,0,0,0,0,0,0,0,1,1,0,0,0,0,0,0,1,0,1,1,,
629,1650,"55 Harbour Landing Dr, Regina, SK S4W 0B8, Canada",3,1.5,0,0,0,2,0,1140,0,1,0,0,0,0,0,0,0,1,0,0,1,1,1,0,1,0,0,0,0,0,0,0,0,1,,
630,2100,"2101 Heseltine Rd, Regina, SK S4V, Canada",2,2.0,1,1,1,2,0,964,1,0,0,0,0,0,1,0,0,0,1,1,1,1,1,0,1,0,1,1,1,1,1,0,1,0,,
631,995,"2920 Victoria Ave, Regina, SK S4T 1K7, Canada",2,1.0,0,1,1,1,0,600,0,1,0,0,1,0,0,0,0,0,0,0,1,0,1,1,0,0,0,0,0,0,0,1,1,0,,
632,1000,", S0C0B0, Alida, SK, Canada",3,1.5,0,0,1,3,0,1200,0,0,0,0,0,0,0,0,1,0,0,0,0,0,1,1,0,0,0,0,0,0,0,0,0,1,,
633,2000,"2328 Halifax St, Regina, SK S4P 1V4, Canada",1,1.0,1,1,1,0,0,500,0,0,0,0,1,0,0,0,0,0,0,0,1,0,1,1,0,0,0,0,0,0,0,0,0,1,,
634,700,"Box 1468, S0A0X0, Esterhazy, SK, Canada",4,2.0,1,1,1,2,0,1172,1,1,0,0,0,0,0,0,1,0,1,0,0,1,1,1,0,0,0,0,0,0,0,0,0,1,,
635,1495,"5200 Parliament Ave, Regina, SK S4W 0R5, Canada",2,2.0,1,1,1,1,0,800,0,1,0,1,0,0,1,0,0,0,0,0,0,1,1,0,1,1,1,1,0,1,1,1,1,0,,
636,1675,"S4T1G7, Canada",3,2.5,0,0,0,2,0,1000,0,1,0,0,0,0,0,0,0,1,0,0,1,1,1,1,1,0,0,0,0,0,0,0,1,1,,
637,800,"709 Beckwell Ave, Radville, SK S0C 2G0, Canada",2,1.0,1,1,1,3,0,800,1,0,0,0,0,0,0,0,1,0,0,0,1,0,1,0,1,0,0,0,0,0,0,0,0,1,,
638,994,"Rae St, S4S3A2, REGINA, SK",2,1.0,0,1,1,1,1,720,0,1,0,0,1,0,0,0,0,0,0,0,1,0,1,1,0,0,0,0,0,0,0,1,0,0,,
639,650,"S3N0k4, Canada",1,1.0,1,1,1,0,0,500,0,0,0,0,1,0,0,0,0,0,0,0,0,0,0,1,0,0,1,0,0,0,0,1,0,0,,
640,700,"1031 Argyle St, Regina, SK S4T 3R4, Canada",2,1.0,0,0,0,0,1,800,0,0,1,0,0,0,0,0,1,0,0,0,0,0,0,0,1,0,0,0,0,0,0,0,0,1,,
641,1285,"3928 Green Falls Drive, Regina, SK, S4V 3M1",2,1.0,0,1,1,0,1,840,0,1,0,0,1,0,0,0,0,0,0,0,0,1,1,0,1,0,0,0,1,1,1,0,1,0,,
642,940,"331  Broad Street North, Regina, SK, S4R 2X8",1,1.0,0,1,1,0,1,659,0,1,0,0,1,0,0,0,0,0,0,0,1,0,1,1,0,0,0,0,0,0,0,0,1,0,,
643,1300,"331  Broad Street North, Regina, SK, S4R 2X8",2,2.0,0,1,1,0,1,832,0,1,0,0,1,0,0,0,0,0,0,0,1,0,1,1,0,0,0,0,0,0,0,0,1,0,,
644,1022,"22-41 Munroe Pl., Regina, SK, S4S 6A7",2,1.0,0,1,1,0,1,860,0,0,1,0,1,0,0,0,0,0,0,1,1,0,1,1,0,1,0,0,0,0,0,1,1,0,,
645,933,"22-41 Munroe Pl., Regina, SK, S4S 6A7",2,1.0,0,1,1,1,1,860,0,1,1,0,1,0,0,0,0,0,0,1,1,0,1,1,0,1,0,0,0,0,0,1,1,0,,
646,650,"Oxbow, Canada",1,1.0,1,1,1,1,0,500,1,0,0,0,1,0,0,0,0,0,0,0,1,0,1,1,0,0,1,0,0,0,0,1,0,1,,
647,1000,"S4A 0L7, Canada",3,2.0,0,0,0,3,1,1000,0,1,0,0,0,0,0,0,1,0,0,0,1,1,1,1,1,0,0,0,0,0,0,0,0,1,,
648,960,"433 Osler St, Regina, SK S4R 1V8, Canada",3,1.0,0,0,1,2,0,1000,0,1,0,0,0,0,0,0,1,0,0,0,1,0,1,0,1,0,0,0,0,0,0,0,0,1,,
649,1000,"2155 Winnipeg St, Regina, SK S4P 1G9, Canada",1,1.0,1,1,1,1,0,600,1,0,0,0,0,1,0,0,0,0,1,0,0,0,1,0,1,0,0,0,0,0,0,0,0,1,,
650,1600,"1914 Hamilton St, Regina, SK S4P 3N6, Canada",1,1.0,1,1,1,1,1,882,1,1,0,1,0,0,1,0,0,0,0,0,0,1,1,0,1,1,1,1,1,1,0,1,0,0,,
651,1000,"angus road, Canada",1,1.0,1,1,1,1,0,696,0,1,0,0,1,0,0,0,0,0,1,0,1,1,1,1,0,0,0,0,0,0,0,1,0,0,,
652,900,"3935 Robinson Street, S4S 3C8, Regina, SK",2,1.0,0,1,1,1,0,575,0,0,1,0,1,0,0,0,0,0,0,0,0,0,0,1,0,0,0,0,0,0,0,0,0,0,,
653,550,"1901 14 Ave, Regina, SK S4P 0X4, Canada",1,1.0,1,1,1,1,0,300,0,0,0,0,1,0,0,0,0,0,0,0,1,0,1,1,0,0,1,0,0,0,0,1,0,1,,
654,700,"1106 McIntosh St, Regina, SK S4T 5B9, Canada",1,1.0,0,1,1,1,0,500,0,0,0,0,1,0,0,0,0,0,0,0,0,0,1,1,0,0,0,0,0,0,0,0,0,0,,
655,800,"373 N Broad St, Regina, SK H1V 2X8, Canada",1,1.0,0,1,1,1,0,800,0,1,1,0,1,0,0,0,0,0,0,0,0,0,1,1,0,0,0,0,0,0,0,0,0,0,,
656,850,"373 N Broad St, Regina, SK H1V 2X8, Canada",2,1.0,0,1,1,1,0,925,0,1,1,0,1,0,0,0,0,0,0,0,0,0,1,1,0,0,0,0,0,0,0,0,0,0,,
657,1200,", regina s4t 5a7 SK, Canada",2,1.0,1,1,1,1,0,700,0,0,0,0,0,0,0,0,1,0,0,0,0,0,0,0,1,0,0,0,0,0,0,0,1,0,,
658,800,", Calder S3N 2X3 SK, Canada",2,1.5,0,0,0,2,0,800,0,1,0,0,0,0,0,0,1,0,0,0,1,1,1,0,1,0,0,0,0,0,0,0,0,1,,
659,800,"1021 4 Ave, Esterhazy, SK S0A 0X0, Canada",2,1.0,0,1,1,1,0,950,0,1,0,0,1,0,0,0,0,0,0,0,0,0,0,1,0,0,0,0,0,0,0,0,1,0,,
660,2200,"2363 Broad St, Regina, SK S4P 1B9, Canada",3,2.0,0,1,1,1,0,2500,0,0,0,1,1,0,0,0,0,0,0,0,1,1,1,0,0,0,0,0,0,0,0,0,0,0,,
661,750,"Logan Crescent., S3N 0W3, Yorkton, SK",1,1.0,1,1,1,1,0,500,1,0,0,0,0,1,0,0,0,0,1,1,0,0,1,1,0,0,0,0,0,0,0,0,0,0,,
662,950,", Regina S4T 5K6 SK, Canada",1,1.0,1,1,1,0,0,750,0,1,0,0,0,1,0,0,0,0,1,0,1,1,1,1,0,0,0,0,0,0,0,0,0,1,,
663,950,"311 Tremaine Ave, Regina, SK S4R 6T9, Canada",1,1.0,0,1,1,1,1,900,0,1,0,0,0,0,0,0,1,0,0,0,1,0,1,1,1,0,0,0,0,0,0,0,1,1,,
664,2000,", Regina S4n3g9  SK, Canada",5,4.0,0,0,0,2,0,2100,0,1,0,0,0,0,0,0,1,0,0,0,1,0,1,1,0,0,0,0,0,0,0,0,0,1,,
665,1750,"5402 Mitchinson Way, Regina, SK S4W 0E7, Canada",3,2.0,0,0,0,1,0,1100,0,1,0,1,0,0,0,0,0,1,0,0,1,1,1,0,1,0,0,0,0,0,0,0,0,1,,
666,900,"3859 Robinson St, Regina, SK S4S 3C5, Canada",2,1.0,0,1,1,1,0,1000,0,0,0,0,1,0,0,0,0,0,0,0,1,0,0,1,0,0,0,0,0,0,0,0,0,0,,
667,1550,"410 WHITMORE AVE, M6E2N4, Toronto, Ontario, ON",2,1.0,0,1,1,0,1,1200,0,1,1,0,0,0,0,0,1,0,1,1,0,0,1,1,1,0,0,0,0,0,0,0,1,0,,
668,1275,"5500 Mitchinson Way, Regina, SK S4W 0N9, Canada",2,1.0,1,0,1,0,1,770,0,0,0,0,0,0,1,0,0,0,0,0,1,1,1,0,1,0,0,0,0,0,0,0,1,0,,
669,950,"8 Dolphin Bay, Regina, SK S4S 2L9, Canada",2,1.0,1,1,1,2,0,950,0,1,0,1,0,1,0,0,0,0,0,0,1,0,1,0,1,0,0,0,0,0,0,0,0,1,,
670,875,"2125 Lorne St, Regina, SK S4P 3K3, Canada",1,1.0,0,1,1,0,0,750,0,0,0,0,1,0,0,0,0,0,0,0,1,0,0,0,1,0,0,0,0,0,0,0,0,0,,
671,950,"200 blk Ottawa Street, Regina S4R1N5 SK",1,1.0,1,1,1,1,0,900,0,0,0,0,0,1,0,0,0,0,0,0,0,0,0,1,0,0,0,0,0,0,0,0,0,1,,
672,790,"310 Independent St, Yorkton, SK S3N 0T1, Canada",2,1.0,0,1,1,1,0,700,0,0,0,0,1,0,0,0,0,0,0,0,1,0,1,1,0,0,0,0,0,0,0,1,0,0,,
673,1100,"125 Froom Crescent, Regina, SK S4N 1S8, Canada",2,1.0,0,1,1,1,0,1000,1,1,0,0,0,0,1,0,0,0,0,0,1,1,1,1,0,0,1,0,0,0,0,1,0,0,,
674,1095,", S4r2l7, Regina, SK",2,1.0,0,1,1,2,0,1000,0,1,0,0,1,0,0,0,0,0,0,0,1,1,1,0,1,0,0,0,0,0,0,0,0,1,,
675,895,"309 Belfast St, North Portal, SK S0C 1W0, Canada",2,1.0,0,0,1,3,1,1300,0,0,0,1,0,0,0,0,1,0,0,0,0,1,1,0,1,0,0,0,0,0,0,0,0,1,,
676,1750,"Trinity Way, Regina, SK S0G 4G0, Canada",2,2.0,0,0,0,2,1,1400,0,1,0,0,0,0,1,0,0,0,0,0,1,1,1,0,1,0,0,0,1,0,0,0,1,0,,
677,900,", stoughton S0G 4T0 SK, Canada",3,2.0,0,0,0,2,0,1216,0,0,0,0,0,0,0,0,1,0,0,0,1,1,1,0,1,0,0,0,0,0,0,0,0,1,,
